id,age,gender,partner,ethnicity,income
2,31,Male,"NAP (married and living w legal spouse, Code 1 in MARITAL)","Europe,White/European",50 000$-70 000$
4,50,Male,"NAP (married and living w legal spouse, Code 1 in MARITAL)","Europe,White/European",15 000$-20 000$
8,52,Female,"NAP (married and living w legal spouse, Code 1 in MARITAL)","Europe,White/European",30 000$-40 000$
9,67,Female,No,"Europe,White/European",15 000$-20 000$
10,71,Female,"NAP (married and living w legal spouse, Code 1 in MARITAL)","Europe,White/European",15 000$-20 000$
12,33,Female,"NAP (married and living w legal spouse, Code 1 in MARITAL)","Europe,White/European",> 100 000$
14,68,Male,No,"Europe,White/European",40 000$-50 000$
19,36,Female,"NAP (married and living w legal spouse, Code 1 in MARITAL)","Europe,White/European",50 000$-70 000$
23,77,Male,"NAP (married and living w legal spouse, Code 1 in MARITAL)","Europe,White/European",10 000$-15 000$
24,77,Male,"NAP (married and living w legal spouse, Code 1 in MARITAL)","Europe,White/European",5 000$
25,35,Female,"NAP (married and living w legal spouse, Code 1 in MARITAL)","Europe,White/European",5 000$
27,40,Female,"NAP (married and living w legal spouse, Code 1 in MARITAL)",Maori+New Zealand,15 000$-20 000$
31,50,Male,"NAP (married and living w legal spouse, Code 1 in MARITAL)","Europe,White/European",50 000$-70 000$
33,45,Male,"NAP (married and living w legal spouse, Code 1 in MARITAL)","Europe,White/European",NA
34,33,Female,"NAP (married and living w legal spouse, Code 1 in MARITAL)","Europe,White/European",5 000$
36,59,Male,No,"Europe,White/European",30 000$-40 000$
39,50,Female,"NAP (married and living w legal spouse, Code 1 in MARITAL)","Europe,White/European",> 100 000$
40,41,Female,"NAP (married and living w legal spouse, Code 1 in MARITAL)","Europe,White/European",5 000$
42,42,Male,"NAP (married and living w legal spouse, Code 1 in MARITAL)","Europe,White/European",70 000$-100 000$
46,21,Male,No,"Europe,White/European",10 000$-15 000$
48,20,Female,Yes,"Europe,White/European",5 000$
49,56,Female,"NAP (married and living w legal spouse, Code 1 in MARITAL)","Europe,White/European",70 000$-100 000$
51,68,Female,"NAP (married and living w legal spouse, Code 1 in MARITAL)","Europe,White/European",30 000$-40 000$
52,60,Female,No,"Europe,White/European",15 000$-20 000$
53,47,Female,No,Maori+New Zealand,5 000$
56,53,Female,Yes,"Europe,White/European",15 000$-20 000$
58,46,Male,"NAP (married and living w legal spouse, Code 1 in MARITAL)","Europe,White/European",40 000$-50 000$
62,78,Male,No,"Europe,White/European",20 000$-25 000$
65,56,Male,Yes,"Europe,White/European",40 000$-50 000$
67,27,Female,No,Maori+New Zealand,30 000$-40 000$
69,49,Female,"NAP (married and living w legal spouse, Code 1 in MARITAL)",Maori+New Zealand,40 000$-50 000$
70,61,Male,"NAP (married and living w legal spouse, Code 1 in MARITAL)","Europe,White/European",10 000$-15 000$
73,43,Female,"NAP (married and living w legal spouse, Code 1 in MARITAL)","Europe,White/European",20 000$-25 000$
74,53,Male,"NAP (married and living w legal spouse, Code 1 in MARITAL)","Europe,White/European",> 100 000$
76,77,Male,"NAP (married and living w legal spouse, Code 1 in MARITAL)","Europe,White/European",10 000$-15 000$
77,66,Male,"NAP (married and living w legal spouse, Code 1 in MARITAL)","Europe,White/European",> 100 000$
80,44,Female,"NAP (married and living w legal spouse, Code 1 in MARITAL)",Maori+New Zealand,50 000$-70 000$
81,54,Male,"NAP (married and living w legal spouse, Code 1 in MARITAL)",Maori+New Zealand,20 000$-25 000$
82,42,Female,No,Maori+New Zealand,NA
86,71,Male,"NAP (married and living w legal spouse, Code 1 in MARITAL)","Europe,White/European",30 000$-40 000$
88,52,Female,"NAP (married and living w legal spouse, Code 1 in MARITAL)",Maori+New Zealand,10 000$-15 000$
89,59,Female,No,"Europe,White/European",10 000$-15 000$
92,70,Female,No,"Europe,White/European",25 000$-30 000$
95,55,Female,No,"PACIFIC,Polynesian,Chamorro/Guam",10 000$-15 000$
97,39,Female,"NAP (married and living w legal spouse, Code 1 in MARITAL)","Europe,White/European",70 000$-100 000$
106,24,Female,No,"PACIFIC,Polynesian,Chamorro/Guam",5 000$
121,40,Female,"NAP (married and living w legal spouse, Code 1 in MARITAL)","Europe,White/European",5 000$
125,32,Female,"NAP (married and living w legal spouse, Code 1 in MARITAL)","Europe,White/European",15 000$-20 000$
126,70,Female,"NAP (married and living w legal spouse, Code 1 in MARITAL)","Europe,White/European",40 000$-50 000$
127,33,Male,"NAP (married and living w legal spouse, Code 1 in MARITAL)","Europe,White/European",70 000$-100 000$
131,31,Male,Yes,"PACIFIC,Polynesian,Chamorro/Guam",30 000$-40 000$
134,37,Male,No,"Europe,White/European",> 100 000$
136,72,Female,No,"Europe,White/European",30 000$-40 000$
139,28,Male,"NAP (married and living w legal spouse, Code 1 in MARITAL)","Europe,White/European",30 000$-40 000$
140,38,Female,"NAP (married and living w legal spouse, Code 1 in MARITAL)","Europe,White/European",5 000$
145,57,Female,"NAP (married and living w legal spouse, Code 1 in MARITAL)","Europe,White/European",5 000$
146,72,Male,"NAP (married and living w legal spouse, Code 1 in MARITAL)","Europe,White/European",10 000$-15 000$
147,64,Male,"NAP (married and living w legal spouse, Code 1 in MARITAL)","Europe,White/European",NA
150,28,Female,Yes,Maori+New Zealand,50 000$-70 000$
157,61,Male,"NAP (married and living w legal spouse, Code 1 in MARITAL)","Europe,White/European",40 000$-50 000$
160,27,Male,No,"Europe,White/European",50 000$-70 000$
164,29,Female,No,"Other,mixed origin",30 000$-40 000$
165,35,Female,"NAP (married and living w legal spouse, Code 1 in MARITAL)","Europe,White/European",70 000$-100 000$
167,39,Male,"NAP (married and living w legal spouse, Code 1 in MARITAL)","Other,mixed origin",40 000$-50 000$
168,41,Male,Yes,"Europe,White/European",50 000$-70 000$
169,43,Female,Yes,"PACIFIC,Polynesian,Chamorro/Guam",30 000$-40 000$
173,44,Female,"NAP (married and living w legal spouse, Code 1 in MARITAL)","India,Hindi,Urdu,Gujarati,Tamil",20 000$-25 000$
174,66,Female,"NAP (married and living w legal spouse, Code 1 in MARITAL)","PACIFIC,Polynesian,Chamorro/Guam",10 000$-15 000$
178,25,Male,No,"Other,mixed origin",15 000$-20 000$
190,72,Male,"NAP (married and living w legal spouse, Code 1 in MARITAL)","PACIFIC,Polynesian,Chamorro/Guam",10 000$-15 000$
192,60,Female,No,"Europe,White/European",> 100 000$
198,45,Female,"NAP (married and living w legal spouse, Code 1 in MARITAL)","Europe,White/European",50 000$-70 000$
203,65,Female,"NAP (married and living w legal spouse, Code 1 in MARITAL)","Europe,White/European",NA
206,66,Male,"NAP (married and living w legal spouse, Code 1 in MARITAL)","Europe,White/European",50 000$-70 000$
211,52,Female,Yes,"Europe,White/European",50 000$-70 000$
222,49,Female,"NAP (married and living w legal spouse, Code 1 in MARITAL)","Europe,White/European",5 000$
224,52,Female,"NAP (married and living w legal spouse, Code 1 in MARITAL)","Europe,White/European",70 000$-100 000$
227,75,Male,"NAP (married and living w legal spouse, Code 1 in MARITAL)","Europe,White/European",10 000$-15 000$
228,69,Female,No,"Europe,White/European",50 000$-70 000$
229,32,Female,"NAP (married and living w legal spouse, Code 1 in MARITAL)","Europe,White/European",5 000$
230,31,Female,Yes,"Europe,White/European",50 000$-70 000$
231,50,Male,No,"Europe,White/European",50 000$-70 000$
232,67,Male,"NAP (married and living w legal spouse, Code 1 in MARITAL)","Europe,White/European",30 000$-40 000$
233,57,Male,"NAP (married and living w legal spouse, Code 1 in MARITAL)","Europe,White/European",> 100 000$
234,59,Female,"NAP (married and living w legal spouse, Code 1 in MARITAL)","Europe,White/European",NA
235,26,Male,No,"Europe,White/European",40 000$-50 000$
236,51,Female,No,"Europe,White/European",25 000$-30 000$
239,49,Female,Yes,"PACIFIC,Polynesian,Chamorro/Guam",10 000$-15 000$
240,68,Female,"NAP (married and living w legal spouse, Code 1 in MARITAL)","PACIFIC,Polynesian,Chamorro/Guam",10 000$-15 000$
247,58,Male,"NAP (married and living w legal spouse, Code 1 in MARITAL)","Europe,White/European",50 000$-70 000$
248,27,Female,"NAP (married and living w legal spouse, Code 1 in MARITAL)","Europe,White/European",40 000$-50 000$
249,28,Female,Yes,"Europe,White/European",40 000$-50 000$
250,36,Female,"NAP (married and living w legal spouse, Code 1 in MARITAL)","Europe,White/European",25 000$-30 000$
252,67,Female,"NAP (married and living w legal spouse, Code 1 in MARITAL)","Europe,White/European",20 000$-25 000$
254,20,Female,No,"PACIFIC,Polynesian,Chamorro/Guam",15 000$-20 000$
262,44,Male,Yes,"Europe,White/European",50 000$-70 000$
263,49,Female,"NAP (married and living w legal spouse, Code 1 in MARITAL)","Europe,White/European",50 000$-70 000$
267,36,Female,"NAP (married and living w legal spouse, Code 1 in MARITAL)","China,Cantonese,Hakka,Mandarin",10 000$-15 000$
274,47,Female,"NAP (married and living w legal spouse, Code 1 in MARITAL)","China,Cantonese,Hakka,Mandarin",5 000$
276,47,Male,"NAP (married and living w legal spouse, Code 1 in MARITAL)","PACIFIC,Polynesian,Chamorro/Guam",> 100 000$
278,55,Female,"NAP (married and living w legal spouse, Code 1 in MARITAL)","Europe,White/European",NA
279,53,Female,No,"Europe,White/European",50 000$-70 000$
282,70,Female,"NAP (married and living w legal spouse, Code 1 in MARITAL)","Europe,White/European",NA
284,74,Male,"NAP (married and living w legal spouse, Code 1 in MARITAL)","China,Cantonese,Hakka,Mandarin",5 000$
285,68,Female,"NA,refused","NA, dont know",NA
293,55,Female,"NAP (married and living w legal spouse, Code 1 in MARITAL)","Europe,White/European",25 000$-30 000$
296,80,Male,"NAP (married and living w legal spouse, Code 1 in MARITAL)","Europe,White/European",25 000$-30 000$
298,37,Female,Yes,"Europe,White/European",> 100 000$
299,56,Male,No,"Europe,White/European",30 000$-40 000$
301,66,Female,No,"Europe,White/European",30 000$-40 000$
305,21,Female,No,Maori+New Zealand,30 000$-40 000$
315,56,Female,"NAP (married and living w legal spouse, Code 1 in MARITAL)","Europe,White/European",40 000$-50 000$
320,35,Female,Yes,"Europe,White/European",70 000$-100 000$
321,36,Female,"NAP (married and living w legal spouse, Code 1 in MARITAL)","Europe,White/European",5 000$
324,68,Male,"NAP (married and living w legal spouse, Code 1 in MARITAL)","Europe,White/European",10 000$-15 000$
325,72,Male,"NAP (married and living w legal spouse, Code 1 in MARITAL)","Europe,White/European",10 000$-15 000$
327,83,Male,No,"Europe,White/European",15 000$-20 000$
329,50,Female,No,"Europe,White/European",> 100 000$
332,32,Male,No,"Europe,White/European",40 000$-50 000$
335,28,Female,"NA,refused","PACIFIC,Polynesian,Chamorro/Guam",30 000$-40 000$
343,45,Male,"NAP (married and living w legal spouse, Code 1 in MARITAL)","Europe,White/European",70 000$-100 000$
344,51,Female,"NAP (married and living w legal spouse, Code 1 in MARITAL)",Maori+New Zealand,10 000$-15 000$
345,36,Male,"NAP (married and living w legal spouse, Code 1 in MARITAL)",Maori+New Zealand,20 000$-25 000$
346,49,Male,"NAP (married and living w legal spouse, Code 1 in MARITAL)","Europe,White/European",70 000$-100 000$
349,57,Female,"NAP (married and living w legal spouse, Code 1 in MARITAL)",Maori+New Zealand,50 000$-70 000$
350,76,Female,No,"Europe,White/European",15 000$-20 000$
354,33,Female,"NAP (married and living w legal spouse, Code 1 in MARITAL)",Maori+New Zealand,40 000$-50 000$
355,34,Male,"NAP (married and living w legal spouse, Code 1 in MARITAL)","Europe,White/European",40 000$-50 000$
357,51,Female,No,"Europe,White/European",30 000$-40 000$
359,46,Male,"NAP (married and living w legal spouse, Code 1 in MARITAL)","PACIFIC,Polynesian,Chamorro/Guam",15 000$-20 000$
363,71,Female,"NAP (married and living w legal spouse, Code 1 in MARITAL)","Europe,White/European",NA
364,75,Female,No,"Europe,White/European",10 000$-15 000$
365,61,Female,"NAP (married and living w legal spouse, Code 1 in MARITAL)",Maori+New Zealand,5 000$
366,64,Male,No,"Europe,White/European",40 000$-50 000$
369,86,Female,No,"Europe,White/European",5 000$
371,35,Male,No,"Other,mixed origin",50 000$-70 000$
372,50,Male,"NAP (married and living w legal spouse, Code 1 in MARITAL)","Europe,White/European",NA
374,57,Female,Yes,"Europe,White/European",30 000$-40 000$
375,35,Female,"NAP (married and living w legal spouse, Code 1 in MARITAL)",Maori+New Zealand,30 000$-40 000$
377,41,Male,Yes,"Europe,White/European",50 000$-70 000$
378,45,Male,"NAP (married and living w legal spouse, Code 1 in MARITAL)","Europe,White/European",15 000$-20 000$
381,66,Female,Yes,"Europe,White/European",30 000$-40 000$
382,68,Male,Yes,"Europe,White/European",30 000$-40 000$
386,45,Male,"NAP (married and living w legal spouse, Code 1 in MARITAL)","Europe,White/European",25 000$-30 000$
387,48,Female,Yes,"Europe,White/European",40 000$-50 000$
389,59,Female,"NAP (married and living w legal spouse, Code 1 in MARITAL)","Europe,White/European",20 000$-25 000$
390,30,Female,"NAP (married and living w legal spouse, Code 1 in MARITAL)",Maori+New Zealand,30 000$-40 000$
392,29,Male,Yes,"China,Cantonese,Hakka,Mandarin",50 000$-70 000$
394,42,Female,"NAP (married and living w legal spouse, Code 1 in MARITAL)","Europe,White/European",50 000$-70 000$
399,60,Male,"NAP (married and living w legal spouse, Code 1 in MARITAL)",Maori+New Zealand,50 000$-70 000$
400,30,Male,"NAP (married and living w legal spouse, Code 1 in MARITAL)","Europe,White/European",70 000$-100 000$
403,55,Female,"NAP (married and living w legal spouse, Code 1 in MARITAL)","Europe,White/European",NA
404,40,Female,"NAP (married and living w legal spouse, Code 1 in MARITAL)","PACIFIC,Polynesian,Chamorro/Guam",> 100 000$
405,62,Male,"NAP (married and living w legal spouse, Code 1 in MARITAL)",Maori+New Zealand,25 000$-30 000$
406,39,Female,Yes,"China,Cantonese,Hakka,Mandarin",> 100 000$
409,63,Male,"NAP (married and living w legal spouse, Code 1 in MARITAL)","Europe,White/European",> 100 000$
410,43,Male,"NAP (married and living w legal spouse, Code 1 in MARITAL)","Europe,White/European",> 100 000$
413,38,Female,No,"China,Cantonese,Hakka,Mandarin",50 000$-70 000$
417,22,Female,Yes,"Europe,White/European",30 000$-40 000$
418,63,Female,"NAP (married and living w legal spouse, Code 1 in MARITAL)","Europe,White/European",15 000$-20 000$
422,62,Female,"NAP (married and living w legal spouse, Code 1 in MARITAL)","Europe,White/European",70 000$-100 000$
423,67,Female,No,"Other,mixed origin",30 000$-40 000$
424,22,Male,No,"Europe,White/European",5 000$
426,68,Male,"NAP (married and living w legal spouse, Code 1 in MARITAL)","Europe,White/European",30 000$-40 000$
428,39,Male,Yes,"Europe,White/European",30 000$-40 000$
429,62,Male,Yes,"Europe,White/European",15 000$-20 000$
430,40,Female,"NAP (married and living w legal spouse, Code 1 in MARITAL)","Europe,White/European",20 000$-25 000$
432,39,Female,Yes,"Europe,White/European",10 000$-15 000$
433,62,Male,"NAP (married and living w legal spouse, Code 1 in MARITAL)","Europe,White/European",10 000$-15 000$
435,22,Male,Yes,"Other,mixed origin",10 000$-15 000$
436,29,Male,"NAP (married and living w legal spouse, Code 1 in MARITAL)","Europe,White/European",5 000$
437,77,Male,"NAP (married and living w legal spouse, Code 1 in MARITAL)",Maori+New Zealand,> 100 000$
438,43,Male,"NA,refused","NA, dont know",30 000$-40 000$
441,43,Female,"NAP (married and living w legal spouse, Code 1 in MARITAL)","Europe,White/European",25 000$-30 000$
442,70,Male,"NAP (married and living w legal spouse, Code 1 in MARITAL)","Europe,White/European",10 000$-15 000$
444,74,Female,"NAP (married and living w legal spouse, Code 1 in MARITAL)","Europe,White/European",NA
447,31,Female,Yes,"PACIFIC,Polynesian,Chamorro/Guam",20 000$-25 000$
449,44,Female,"NAP (married and living w legal spouse, Code 1 in MARITAL)",Maori+New Zealand,20 000$-25 000$
451,81,Female,Yes,"Europe,White/European",> 100 000$
458,37,Male,"NAP (married and living w legal spouse, Code 1 in MARITAL)","Europe,White/European",20 000$-25 000$
460,87,Female,Yes,"Europe,White/European",50 000$-70 000$
464,53,Male,"NAP (married and living w legal spouse, Code 1 in MARITAL)","Europe,White/European",40 000$-50 000$
466,38,Male,"NAP (married and living w legal spouse, Code 1 in MARITAL)","Europe,White/European",30 000$-40 000$
467,50,Female,"NAP (married and living w legal spouse, Code 1 in MARITAL)","Europe,White/European",15 000$-20 000$
468,76,Female,No,"Europe,White/European",20 000$-25 000$
469,81,Male,"NAP (married and living w legal spouse, Code 1 in MARITAL)","Europe,White/European",40 000$-50 000$
474,33,Female,"NAP (married and living w legal spouse, Code 1 in MARITAL)","Europe,White/European",5 000$
475,74,Female,"NAP (married and living w legal spouse, Code 1 in MARITAL)","China,Cantonese,Hakka,Mandarin",50 000$-70 000$
478,60,Male,"NAP (married and living w legal spouse, Code 1 in MARITAL)","Europe,White/European",70 000$-100 000$
479,57,Female,"NAP (married and living w legal spouse, Code 1 in MARITAL)","Europe,White/European",70 000$-100 000$
480,62,Male,"NAP (married and living w legal spouse, Code 1 in MARITAL)","Europe,White/European",10 000$-15 000$
483,83,Female,Yes,"Europe,White/European",70 000$-100 000$
484,35,Male,"NAP (married and living w legal spouse, Code 1 in MARITAL)","Europe,White/European",30 000$-40 000$
487,42,Female,"NAP (married and living w legal spouse, Code 1 in MARITAL)","Europe,White/European",30 000$-40 000$
489,60,Female,"NAP (married and living w legal spouse, Code 1 in MARITAL)","Europe,White/European",> 100 000$
493,39,Male,"NAP (married and living w legal spouse, Code 1 in MARITAL)","Other,mixed origin",30 000$-40 000$
496,24,Male,No,"Europe,White/European",30 000$-40 000$
500,24,Female,Yes,"Europe,White/European",5 000$
502,29,Female,"NAP (married and living w legal spouse, Code 1 in MARITAL)","Europe,White/European",> 100 000$
505,43,Male,"NAP (married and living w legal spouse, Code 1 in MARITAL)","Europe,White/European",30 000$-40 000$
509,65,Male,Yes,"Europe,White/European",70 000$-100 000$
510,60,Male,"NAP (married and living w legal spouse, Code 1 in MARITAL)","Europe,White/European",25 000$-30 000$
511,64,Male,"NAP (married and living w legal spouse, Code 1 in MARITAL)","Europe,White/European",50 000$-70 000$
515,43,Male,"NAP (married and living w legal spouse, Code 1 in MARITAL)","Other,mixed origin",15 000$-20 000$
517,79,Male,"NAP (married and living w legal spouse, Code 1 in MARITAL)","Europe,White/European",15 000$-20 000$
519,73,Female,Yes,"Europe,White/European",15 000$-20 000$
520,85,Male,"NAP (married and living w legal spouse, Code 1 in MARITAL)","Europe,White/European",70 000$-100 000$
521,35,Female,Yes,Maori+New Zealand,40 000$-50 000$
523,35,Female,Yes,"Europe,White/European",30 000$-40 000$
525,33,Male,"NAP (married and living w legal spouse, Code 1 in MARITAL)","China,Cantonese,Hakka,Mandarin",25 000$-30 000$
528,49,Male,"NAP (married and living w legal spouse, Code 1 in MARITAL)","Other,mixed origin",50 000$-70 000$
529,58,Female,"NAP (married and living w legal spouse, Code 1 in MARITAL)","Europe,White/European",30 000$-40 000$
531,25,Male,Yes,"Europe,White/European",> 100 000$
532,40,Male,"NAP (married and living w legal spouse, Code 1 in MARITAL)","Europe,White/European",70 000$-100 000$
534,41,Male,No,"Europe,White/European",25 000$-30 000$
535,38,Female,Yes,"Europe,White/European",50 000$-70 000$
538,67,Male,"NAP (married and living w legal spouse, Code 1 in MARITAL)","Europe,White/European",NA
540,67,Male,"NAP (married and living w legal spouse, Code 1 in MARITAL)","Europe,White/European",10 000$-15 000$
542,70,Female,"NAP (married and living w legal spouse, Code 1 in MARITAL)","Europe,White/European",25 000$-30 000$
544,74,Male,"NAP (married and living w legal spouse, Code 1 in MARITAL)","Europe,White/European",5 000$
545,50,Female,"NAP (married and living w legal spouse, Code 1 in MARITAL)","Europe,White/European",50 000$-70 000$
548,76,Female,Yes,"Europe,White/European",10 000$-15 000$
555,37,Female,"NAP (married and living w legal spouse, Code 1 in MARITAL)","Europe,White/European",50 000$-70 000$
556,51,Male,"NAP (married and living w legal spouse, Code 1 in MARITAL)","Europe,White/European",70 000$-100 000$
557,46,Male,"NAP (married and living w legal spouse, Code 1 in MARITAL)","PACIFIC,Polynesian,Chamorro/Guam",40 000$-50 000$
558,39,Male,No,"Europe,White/European",NA
560,78,Female,Yes,"Europe,White/European",25 000$-30 000$
562,68,Male,"NAP (married and living w legal spouse, Code 1 in MARITAL)","Europe,White/European",40 000$-50 000$
563,29,Male,Yes,"Europe,White/European",30 000$-40 000$
564,21,Female,Yes,"Europe,White/European",> 100 000$
565,46,Female,Yes,"Europe,White/European",50 000$-70 000$
568,79,Male,"NAP (married and living w legal spouse, Code 1 in MARITAL)","Europe,White/European",20 000$-25 000$
569,29,Female,Yes,"China,Cantonese,Hakka,Mandarin",70 000$-100 000$
572,32,Male,"NAP (married and living w legal spouse, Code 1 in MARITAL)","PACIFIC,Polynesian,Chamorro/Guam",50 000$-70 000$
573,37,Female,No,"Europe,White/European",30 000$-40 000$
574,44,Female,No,"Europe,White/European",15 000$-20 000$
575,84,Female,Yes,"Europe,White/European",10 000$-15 000$
578,67,Male,"NAP (married and living w legal spouse, Code 1 in MARITAL)","Europe,White/European",> 100 000$
581,45,Male,"NAP (married and living w legal spouse, Code 1 in MARITAL)","Europe,White/European",50 000$-70 000$
583,58,Female,"NAP (married and living w legal spouse, Code 1 in MARITAL)","Europe,White/European",50 000$-70 000$
584,32,Female,"NAP (married and living w legal spouse, Code 1 in MARITAL)","Europe,White/European",30 000$-40 000$
596,64,Female,"NAP (married and living w legal spouse, Code 1 in MARITAL)","Europe,White/European",NA
610,27,Male,Yes,"PACIFIC,Polynesian,Chamorro/Guam",30 000$-40 000$
612,43,Female,"NAP (married and living w legal spouse, Code 1 in MARITAL)","PACIFIC,Polynesian,Chamorro/Guam",NA
615,58,Male,"NAP (married and living w legal spouse, Code 1 in MARITAL)","Europe,White/European",30 000$-40 000$
628,30,Female,No,"Other,mixed origin",30 000$-40 000$
632,54,Female,No,"Europe,White/European",10 000$-15 000$
634,43,Female,No,"Other,mixed origin",5 000$
635,51,Female,Yes,"Other,mixed origin",40 000$-50 000$
637,44,Female,"NAP (married and living w legal spouse, Code 1 in MARITAL)","India,Hindi,Urdu,Gujarati,Tamil",10 000$-15 000$
644,83,Male,"NAP (married and living w legal spouse, Code 1 in MARITAL)","Europe,White/European",30 000$-40 000$
650,41,Female,"NAP (married and living w legal spouse, Code 1 in MARITAL)","PACIFIC,Polynesian,Chamorro/Guam",10 000$-15 000$
651,39,Female,Yes,Maori+New Zealand,50 000$-70 000$
653,32,Male,"NAP (married and living w legal spouse, Code 1 in MARITAL)","PACIFIC,Polynesian,Chamorro/Guam",> 100 000$
656,45,Male,"NAP (married and living w legal spouse, Code 1 in MARITAL)","PACIFIC,Polynesian,Chamorro/Guam",15 000$-20 000$
658,21,Male,Yes,Maori+New Zealand,25 000$-30 000$
666,55,Female,"NAP (married and living w legal spouse, Code 1 in MARITAL)","Europe,White/European",> 100 000$
668,46,Male,"NAP (married and living w legal spouse, Code 1 in MARITAL)","Europe,White/European",50 000$-70 000$
670,38,Male,"NAP (married and living w legal spouse, Code 1 in MARITAL)","Other,mixed origin",> 100 000$
671,64,Male,"NAP (married and living w legal spouse, Code 1 in MARITAL)","Other,mixed origin",5 000$
673,63,Female,"NAP (married and living w legal spouse, Code 1 in MARITAL)","Europe,White/European",5 000$
675,21,Female,Yes,Maori+New Zealand,30 000$-40 000$
677,40,Female,"NAP (married and living w legal spouse, Code 1 in MARITAL)","Europe,White/European",5 000$
678,62,Female,"NAP (married and living w legal spouse, Code 1 in MARITAL)","Europe,White/European",10 000$-15 000$
681,32,Female,"NAP (married and living w legal spouse, Code 1 in MARITAL)","Europe,White/European",50 000$-70 000$
684,29,Female,"NAP (married and living w legal spouse, Code 1 in MARITAL)",Maori+New Zealand,40 000$-50 000$
685,55,Male,"NAP (married and living w legal spouse, Code 1 in MARITAL)",Maori+New Zealand,20 000$-25 000$
689,78,Female,"NAP (married and living w legal spouse, Code 1 in MARITAL)","Europe,White/European",5 000$
692,33,Male,Yes,"Europe,White/European",50 000$-70 000$
694,29,Female,Yes,"Europe,White/European",30 000$-40 000$
695,28,Male,"NAP (married and living w legal spouse, Code 1 in MARITAL)","Europe,White/European",40 000$-50 000$
697,43,Male,"NA,refused","NA, dont know",30 000$-40 000$
699,53,Female,Yes,Maori+New Zealand,40 000$-50 000$
703,45,Female,Yes,Maori+New Zealand,10 000$-15 000$
708,75,Male,"NAP (married and living w legal spouse, Code 1 in MARITAL)","Europe,White/European",40 000$-50 000$
710,57,Female,"NAP (married and living w legal spouse, Code 1 in MARITAL)","China,Cantonese,Hakka,Mandarin",20 000$-25 000$
712,74,Female,"NAP (married and living w legal spouse, Code 1 in MARITAL)","Europe,White/European",40 000$-50 000$
718,32,Male,"NAP (married and living w legal spouse, Code 1 in MARITAL)","Europe,White/European",10 000$-15 000$
719,20,Female,No,"India,Hindi,Urdu,Gujarati,Tamil",70 000$-100 000$
726,45,Male,No,"Europe,White/European",70 000$-100 000$
729,53,Female,Yes,"Europe,White/European",50 000$-70 000$
734,54,Female,"NAP (married and living w legal spouse, Code 1 in MARITAL)","Europe,White/European",> 100 000$
735,41,Male,"NAP (married and living w legal spouse, Code 1 in MARITAL)","Europe,White/European",25 000$-30 000$
736,48,Male,"NAP (married and living w legal spouse, Code 1 in MARITAL)","China,Cantonese,Hakka,Mandarin",15 000$-20 000$
737,52,Male,"NAP (married and living w legal spouse, Code 1 in MARITAL)","China,Cantonese,Hakka,Mandarin",10 000$-15 000$
738,84,Male,"NAP (married and living w legal spouse, Code 1 in MARITAL)","Europe,White/European",10 000$-15 000$
739,70,Female,"NAP (married and living w legal spouse, Code 1 in MARITAL)","Europe,White/European",70 000$-100 000$
742,66,Male,"NAP (married and living w legal spouse, Code 1 in MARITAL)","Europe,White/European",5 000$
743,65,Female,"NAP (married and living w legal spouse, Code 1 in MARITAL)","Europe,White/European",5 000$
744,59,Female,"NAP (married and living w legal spouse, Code 1 in MARITAL)","Europe,White/European",NA
746,88,Female,No,"Europe,White/European",10 000$-15 000$
749,76,Male,Yes,"Europe,White/European",40 000$-50 000$
750,45,Female,"NAP (married and living w legal spouse, Code 1 in MARITAL)","Other,mixed origin",NA
751,65,Female,"NAP (married and living w legal spouse, Code 1 in MARITAL)","Europe,White/European",5 000$
757,22,Male,Yes,"China,Cantonese,Hakka,Mandarin",50 000$-70 000$
758,48,Female,"NAP (married and living w legal spouse, Code 1 in MARITAL)","Europe,White/European",70 000$-100 000$
760,48,Female,No,"Europe,White/European",15 000$-20 000$
761,74,Female,Yes,"Europe,White/European",30 000$-40 000$
762,61,Male,"NAP (married and living w legal spouse, Code 1 in MARITAL)","Europe,White/European",30 000$-40 000$
763,77,Male,"NAP (married and living w legal spouse, Code 1 in MARITAL)","Europe,White/European",20 000$-25 000$
764,63,Male,"NAP (married and living w legal spouse, Code 1 in MARITAL)","Other,mixed origin",40 000$-50 000$
765,60,Female,"NAP (married and living w legal spouse, Code 1 in MARITAL)","Europe,White/European",15 000$-20 000$
770,21,Female,Yes,"Europe,White/European",10 000$-15 000$
771,72,Female,"NAP (married and living w legal spouse, Code 1 in MARITAL)","Europe,White/European",30 000$-40 000$
772,23,Female,"NA,refused","NA, dont know",20 000$-25 000$
773,44,Female,"NAP (married and living w legal spouse, Code 1 in MARITAL)","Europe,White/European",50 000$-70 000$
774,58,Male,"NA,refused","NA, dont know",5 000$
775,35,Female,"NAP (married and living w legal spouse, Code 1 in MARITAL)","Europe,White/European",30 000$-40 000$
776,23,Male,Yes,"Europe,White/European",25 000$-30 000$
778,53,Female,"NAP (married and living w legal spouse, Code 1 in MARITAL)","Europe,White/European",70 000$-100 000$
779,69,Male,"NAP (married and living w legal spouse, Code 1 in MARITAL)","Europe,White/European",> 100 000$
782,70,Male,"NAP (married and living w legal spouse, Code 1 in MARITAL)","Europe,White/European",30 000$-40 000$
784,32,Female,"NAP (married and living w legal spouse, Code 1 in MARITAL)","Europe,White/European",30 000$-40 000$
787,50,Female,"NAP (married and living w legal spouse, Code 1 in MARITAL)","Europe,White/European",40 000$-50 000$
788,44,Male,"NAP (married and living w legal spouse, Code 1 in MARITAL)","Europe,White/European",25 000$-30 000$
789,75,Female,"NAP (married and living w legal spouse, Code 1 in MARITAL)","Europe,White/European",15 000$-20 000$
790,87,Female,"NAP (married and living w legal spouse, Code 1 in MARITAL)","Europe,White/European",40 000$-50 000$
792,57,Male,"NAP (married and living w legal spouse, Code 1 in MARITAL)","Europe,White/European",> 100 000$
794,54,Male,"NAP (married and living w legal spouse, Code 1 in MARITAL)","Europe,White/European",20 000$-25 000$
795,69,Female,Yes,"Europe,White/European",20 000$-25 000$
798,65,Female,"NAP (married and living w legal spouse, Code 1 in MARITAL)","Europe,White/European",40 000$-50 000$
803,26,Female,No,"Europe,White/European",5 000$
807,46,Female,"NAP (married and living w legal spouse, Code 1 in MARITAL)","China,Cantonese,Hakka,Mandarin",15 000$-20 000$
809,80,Female,"NAP (married and living w legal spouse, Code 1 in MARITAL)","Europe,White/European",20 000$-25 000$
810,84,Female,Yes,"Europe,White/European",50 000$-70 000$
812,61,Male,"NAP (married and living w legal spouse, Code 1 in MARITAL)","Europe,White/European",50 000$-70 000$
813,64,Male,Yes,"Europe,White/European",30 000$-40 000$
815,54,Male,"NAP (married and living w legal spouse, Code 1 in MARITAL)","Europe,White/European",50 000$-70 000$
816,45,Male,"NAP (married and living w legal spouse, Code 1 in MARITAL)","Europe,White/European",15 000$-20 000$
817,38,Female,"NAP (married and living w legal spouse, Code 1 in MARITAL)","Europe,White/European",40 000$-50 000$
821,46,Female,"NAP (married and living w legal spouse, Code 1 in MARITAL)","Europe,White/European",15 000$-20 000$
822,74,Male,"NAP (married and living w legal spouse, Code 1 in MARITAL)","Europe,White/European",20 000$-25 000$
826,75,Female,Yes,"Europe,White/European",50 000$-70 000$
830,27,Male,No,"China,Cantonese,Hakka,Mandarin",30 000$-40 000$
831,70,Female,Yes,"Europe,White/European",30 000$-40 000$
832,32,Female,No,"Europe,White/European",5 000$
833,22,Female,No,Maori+New Zealand,5 000$
835,28,Female,No,"Europe,White/European",15 000$-20 000$
837,89,Female,No,"Europe,White/European",70 000$-100 000$
842,56,Female,No,"Europe,White/European",40 000$-50 000$
844,21,Male,Yes,"Europe,White/European",25 000$-30 000$
846,27,Male,No,"Europe,White/European",15 000$-20 000$
850,78,Female,No,"Europe,White/European",10 000$-15 000$
851,67,Female,Yes,"Europe,White/European",10 000$-15 000$
853,72,Female,"NAP (married and living w legal spouse, Code 1 in MARITAL)","Europe,White/European",40 000$-50 000$
854,61,Male,"NAP (married and living w legal spouse, Code 1 in MARITAL)","Europe,White/European",30 000$-40 000$
855,49,Male,"NAP (married and living w legal spouse, Code 1 in MARITAL)","Europe,White/European",> 100 000$
859,36,Female,"NAP (married and living w legal spouse, Code 1 in MARITAL)","Europe,White/European",5 000$
861,24,Male,Yes,"Europe,White/European",> 100 000$
864,58,Male,"NAP (married and living w legal spouse, Code 1 in MARITAL)","Europe,White/European",15 000$-20 000$
867,20,Female,Yes,"Europe,White/European",20 000$-25 000$
868,37,Female,Yes,"Europe,White/European",NA
869,73,Male,"NAP (married and living w legal spouse, Code 1 in MARITAL)","Europe,White/European",25 000$-30 000$
870,74,Female,"NAP (married and living w legal spouse, Code 1 in MARITAL)","Europe,White/European",70 000$-100 000$
872,69,Female,Yes,"Europe,White/European",30 000$-40 000$
875,34,Male,No,"Europe,White/European",10 000$-15 000$
876,71,Male,"NAP (married and living w legal spouse, Code 1 in MARITAL)","Europe,White/European",50 000$-70 000$
878,33,Male,No,"Europe,White/European",NA
879,61,Female,Yes,"Europe,White/European",50 000$-70 000$
881,36,Male,"NAP (married and living w legal spouse, Code 1 in MARITAL)","Europe,White/European",10 000$-15 000$
882,69,Male,"NAP (married and living w legal spouse, Code 1 in MARITAL)","Europe,White/European",10 000$-15 000$
887,71,Female,Yes,"Europe,White/European",50 000$-70 000$
890,69,Male,"NAP (married and living w legal spouse, Code 1 in MARITAL)","Europe,White/European",25 000$-30 000$
899,41,Female,"NAP (married and living w legal spouse, Code 1 in MARITAL)","Europe,White/European",70 000$-100 000$
901,54,Male,Yes,"Europe,White/European",30 000$-40 000$
911,47,Male,"NAP (married and living w legal spouse, Code 1 in MARITAL)","Europe,White/European",5 000$
913,71,Male,No,"Europe,White/European",25 000$-30 000$
915,26,Male,Yes,Maori+New Zealand,50 000$-70 000$
918,33,Male,"NAP (married and living w legal spouse, Code 1 in MARITAL)","Europe,White/European",> 100 000$
919,46,Male,"NAP (married and living w legal spouse, Code 1 in MARITAL)","Europe,White/European",50 000$-70 000$
923,56,Female,Yes,"Europe,White/European",> 100 000$
924,56,Male,"NAP (married and living w legal spouse, Code 1 in MARITAL)",Maori+New Zealand,10 000$-15 000$
926,73,Male,"NAP (married and living w legal spouse, Code 1 in MARITAL)","Europe,White/European",30 000$-40 000$
927,84,Female,Yes,"Other,mixed origin",15 000$-20 000$
929,28,Female,"NAP (married and living w legal spouse, Code 1 in MARITAL)",Maori+New Zealand,NA
933,58,Male,"NAP (married and living w legal spouse, Code 1 in MARITAL)","Europe,White/European",> 100 000$
934,29,Male,"NAP (married and living w legal spouse, Code 1 in MARITAL)","Europe,White/European",15 000$-20 000$
938,32,Female,"NAP (married and living w legal spouse, Code 1 in MARITAL)","Europe,White/European",10 000$-15 000$
940,31,Female,"NAP (married and living w legal spouse, Code 1 in MARITAL)","Europe,White/European",25 000$-30 000$
941,27,Male,Yes,"Europe,White/European",20 000$-25 000$
943,54,Female,"NAP (married and living w legal spouse, Code 1 in MARITAL)","Europe,White/European",40 000$-50 000$
946,56,Male,"NAP (married and living w legal spouse, Code 1 in MARITAL)","Europe,White/European",5 000$
948,64,Female,"NAP (married and living w legal spouse, Code 1 in MARITAL)",Maori+New Zealand,30 000$-40 000$
950,68,Male,"NAP (married and living w legal spouse, Code 1 in MARITAL)","Europe,White/European",50 000$-70 000$
954,55,Male,"NAP (married and living w legal spouse, Code 1 in MARITAL)",Maori+New Zealand,> 100 000$
956,58,Male,"NAP (married and living w legal spouse, Code 1 in MARITAL)","China,Cantonese,Hakka,Mandarin",30 000$-40 000$
958,47,Male,Yes,"Europe,White/European",> 100 000$
961,43,Male,"NAP (married and living w legal spouse, Code 1 in MARITAL)","Europe,White/European",20 000$-25 000$
966,34,Female,"NAP (married and living w legal spouse, Code 1 in MARITAL)",Maori+New Zealand,50 000$-70 000$
968,73,Male,"NAP (married and living w legal spouse, Code 1 in MARITAL)","Europe,White/European",10 000$-15 000$
969,74,Female,"NAP (married and living w legal spouse, Code 1 in MARITAL)","Europe,White/European",40 000$-50 000$
970,20,Male,Yes,Maori+New Zealand,10 000$-15 000$
971,60,Female,"NAP (married and living w legal spouse, Code 1 in MARITAL)","Europe,White/European",30 000$-40 000$
972,63,Male,"NAP (married and living w legal spouse, Code 1 in MARITAL)","Europe,White/European",30 000$-40 000$
974,53,Female,"NAP (married and living w legal spouse, Code 1 in MARITAL)","Europe,White/European",20 000$-25 000$
975,36,Female,No,"Europe,White/European",5 000$
977,24,Female,No,"Europe,White/European",25 000$-30 000$
978,57,Female,"NAP (married and living w legal spouse, Code 1 in MARITAL)","Europe,White/European",15 000$-20 000$
980,67,Female,"NAP (married and living w legal spouse, Code 1 in MARITAL)","Europe,White/European",5 000$
981,39,Female,"NAP (married and living w legal spouse, Code 1 in MARITAL)","Europe,White/European",15 000$-20 000$
982,65,Female,"NAP (married and living w legal spouse, Code 1 in MARITAL)","Europe,White/European",20 000$-25 000$
984,79,Male,"NAP (married and living w legal spouse, Code 1 in MARITAL)","Europe,White/European",40 000$-50 000$
986,33,Female,"NAP (married and living w legal spouse, Code 1 in MARITAL)","Europe,White/European",10 000$-15 000$
987,35,Female,"NAP (married and living w legal spouse, Code 1 in MARITAL)","Europe,White/European",5 000$
990,58,Female,"NAP (married and living w legal spouse, Code 1 in MARITAL)","Europe,White/European",20 000$-25 000$
992,45,Female,"NAP (married and living w legal spouse, Code 1 in MARITAL)","Europe,White/European",70 000$-100 000$
994,42,Male,"NAP (married and living w legal spouse, Code 1 in MARITAL)","Europe,White/European",10 000$-15 000$
997,40,Female,"NAP (married and living w legal spouse, Code 1 in MARITAL)","Other,mixed origin",10 000$-15 000$
998,28,Female,"NAP (married and living w legal spouse, Code 1 in MARITAL)",Maori+New Zealand,20 000$-25 000$
1002,80,Female,"NAP (married and living w legal spouse, Code 1 in MARITAL)","Europe,White/European",25 000$-30 000$
1003,47,Male,Yes,"Europe,White/European",> 100 000$
1004,66,Male,"NAP (married and living w legal spouse, Code 1 in MARITAL)","Europe,White/European",> 100 000$
1005,66,Male,"NAP (married and living w legal spouse, Code 1 in MARITAL)","Europe,White/European",30 000$-40 000$
1006,53,Male,"NAP (married and living w legal spouse, Code 1 in MARITAL)","Europe,White/European",40 000$-50 000$
1009,86,Female,No,"Europe,White/European",30 000$-40 000$
1012,51,Female,Yes,"Europe,White/European",70 000$-100 000$
1013,43,Male,"NAP (married and living w legal spouse, Code 1 in MARITAL)",Maori+New Zealand,40 000$-50 000$
1014,52,Female,"NAP (married and living w legal spouse, Code 1 in MARITAL)","Europe,White/European",5 000$
1021,31,Female,"NAP (married and living w legal spouse, Code 1 in MARITAL)","Europe,White/European",40 000$-50 000$
1022,43,Male,No,"Europe,White/European",15 000$-20 000$
1023,77,Male,Yes,"Europe,White/European",40 000$-50 000$
1024,59,Female,"NAP (married and living w legal spouse, Code 1 in MARITAL)","Europe,White/European",10 000$-15 000$
1025,76,Male,"NAP (married and living w legal spouse, Code 1 in MARITAL)","Europe,White/European",30 000$-40 000$
1026,24,Female,"NAP (married and living w legal spouse, Code 1 in MARITAL)",Maori+New Zealand,15 000$-20 000$
1030,40,Female,"NAP (married and living w legal spouse, Code 1 in MARITAL)","Europe,White/European",25 000$-30 000$
1031,59,Male,Yes,"Europe,White/European",NA
1032,71,Female,"NAP (married and living w legal spouse, Code 1 in MARITAL)","Europe,White/European",10 000$-15 000$
1033,68,Female,"NAP (married and living w legal spouse, Code 1 in MARITAL)","Europe,White/European",40 000$-50 000$
1034,62,Female,"NAP (married and living w legal spouse, Code 1 in MARITAL)","Europe,White/European",40 000$-50 000$
1040,67,Female,"NAP (married and living w legal spouse, Code 1 in MARITAL)","Europe,White/European",25 000$-30 000$
1043,62,Male,"NAP (married and living w legal spouse, Code 1 in MARITAL)","Europe,White/European",10 000$-15 000$
1044,28,Female,No,Maori+New Zealand,15 000$-20 000$
1045,44,Female,No,"Europe,White/European",10 000$-15 000$
1048,75,Female,Yes,"Europe,White/European",15 000$-20 000$
1049,74,Female,"NAP (married and living w legal spouse, Code 1 in MARITAL)",Maori+New Zealand,25 000$-30 000$
1051,22,Female,Yes,"Europe,White/European",5 000$
1052,27,Female,"NAP (married and living w legal spouse, Code 1 in MARITAL)","Europe,White/European",40 000$-50 000$
1054,25,Female,Yes,"Europe,White/European",10 000$-15 000$
1057,67,Female,"NAP (married and living w legal spouse, Code 1 in MARITAL)","Europe,White/European",NA
1060,24,Female,"NAP (married and living w legal spouse, Code 1 in MARITAL)",Maori+New Zealand,10 000$-15 000$
1066,33,Male,Yes,Maori+New Zealand,50 000$-70 000$
1067,58,Male,"NAP (married and living w legal spouse, Code 1 in MARITAL)","Europe,White/European",40 000$-50 000$
1069,57,Male,"NAP (married and living w legal spouse, Code 1 in MARITAL)","Europe,White/European",NA
1073,53,Female,Yes,Maori+New Zealand,10 000$-15 000$
1080,49,Male,Yes,Maori+New Zealand,25 000$-30 000$
1084,60,Male,"NAP (married and living w legal spouse, Code 1 in MARITAL)","Europe,White/European",20 000$-25 000$
1090,34,Male,Yes,Maori+New Zealand,70 000$-100 000$
1094,36,Female,Yes,"Europe,White/European",40 000$-50 000$
1096,36,Male,"NAP (married and living w legal spouse, Code 1 in MARITAL)","Europe,White/European",> 100 000$
1097,33,Female,"NAP (married and living w legal spouse, Code 1 in MARITAL)","Europe,White/European",30 000$-40 000$
1098,60,Male,Yes,"Europe,White/European",> 100 000$
1101,62,Male,"NAP (married and living w legal spouse, Code 1 in MARITAL)",Maori+New Zealand,70 000$-100 000$
1102,54,Male,"NAP (married and living w legal spouse, Code 1 in MARITAL)","Europe,White/European",10 000$-15 000$
1108,47,Male,"NAP (married and living w legal spouse, Code 1 in MARITAL)","Europe,White/European",50 000$-70 000$
1113,74,Female,No,"Europe,White/European",15 000$-20 000$
1115,42,Female,No,Maori+New Zealand,30 000$-40 000$
1117,67,Male,Yes,Maori+New Zealand,70 000$-100 000$
1120,54,Female,No,"Europe,White/European",30 000$-40 000$
1121,56,Female,"NAP (married and living w legal spouse, Code 1 in MARITAL)",Maori+New Zealand,25 000$-30 000$
1123,33,Female,No,Maori+New Zealand,20 000$-25 000$
1125,60,Male,"NAP (married and living w legal spouse, Code 1 in MARITAL)","China,Cantonese,Hakka,Mandarin",70 000$-100 000$
1129,23,Female,Yes,"Europe,White/European",20 000$-25 000$
1134,27,Female,"NAP (married and living w legal spouse, Code 1 in MARITAL)",Maori+New Zealand,5 000$
1139,47,Female,"NAP (married and living w legal spouse, Code 1 in MARITAL)",Maori+New Zealand,5 000$
1142,41,Female,"NAP (married and living w legal spouse, Code 1 in MARITAL)","Europe,White/European",10 000$-15 000$
1143,30,Female,"NAP (married and living w legal spouse, Code 1 in MARITAL)","Europe,White/European",40 000$-50 000$
1150,68,Male,"NAP (married and living w legal spouse, Code 1 in MARITAL)","Europe,White/European",50 000$-70 000$
1152,32,Female,"NAP (married and living w legal spouse, Code 1 in MARITAL)",Maori+New Zealand,10 000$-15 000$
1153,56,Male,"NAP (married and living w legal spouse, Code 1 in MARITAL)","Europe,White/European",30 000$-40 000$
1157,69,Male,Yes,"Europe,White/European",10 000$-15 000$
1160,65,Male,Yes,"Europe,White/European",25 000$-30 000$
1161,67,Female,"NAP (married and living w legal spouse, Code 1 in MARITAL)","Europe,White/European",5 000$
1162,55,Female,"NAP (married and living w legal spouse, Code 1 in MARITAL)","Europe,White/European",50 000$-70 000$
1164,62,Female,"NAP (married and living w legal spouse, Code 1 in MARITAL)","Europe,White/European",50 000$-70 000$
1165,61,Male,"NAP (married and living w legal spouse, Code 1 in MARITAL)","Europe,White/European",15 000$-20 000$
1168,37,Male,"NAP (married and living w legal spouse, Code 1 in MARITAL)","Europe,White/European",10 000$-15 000$
1171,48,Female,"NAP (married and living w legal spouse, Code 1 in MARITAL)",Maori+New Zealand,40 000$-50 000$
1172,33,Female,No,Maori+New Zealand,25 000$-30 000$
1175,25,Male,"NAP (married and living w legal spouse, Code 1 in MARITAL)",Maori+New Zealand,15 000$-20 000$
1176,31,Female,Yes,"Europe,White/European",20 000$-25 000$
1178,36,Male,No,Maori+New Zealand,50 000$-70 000$
1183,33,Female,"NAP (married and living w legal spouse, Code 1 in MARITAL)","India,Hindi,Urdu,Gujarati,Tamil",10 000$-15 000$
1184,60,Female,Yes,"Europe,White/European",10 000$-15 000$
1188,85,Female,No,"Europe,White/European",NA
1189,79,Male,"NAP (married and living w legal spouse, Code 1 in MARITAL)","Europe,White/European",50 000$-70 000$
1190,21,Female,No,"India,Hindi,Urdu,Gujarati,Tamil",10 000$-15 000$
1193,50,Female,"NAP (married and living w legal spouse, Code 1 in MARITAL)","Europe,White/European",50 000$-70 000$
1201,52,Male,Yes,"Europe,White/European",25 000$-30 000$
1202,42,Male,"NAP (married and living w legal spouse, Code 1 in MARITAL)","Europe,White/European",15 000$-20 000$
1203,65,Female,"NAP (married and living w legal spouse, Code 1 in MARITAL)","Europe,White/European",30 000$-40 000$
1205,80,Female,"NAP (married and living w legal spouse, Code 1 in MARITAL)","Europe,White/European",30 000$-40 000$
1208,64,Male,"NAP (married and living w legal spouse, Code 1 in MARITAL)",Maori+New Zealand,50 000$-70 000$
1209,33,Male,"NAP (married and living w legal spouse, Code 1 in MARITAL)","Europe,White/European",20 000$-25 000$
1210,40,Male,"NAP (married and living w legal spouse, Code 1 in MARITAL)","Europe,White/European",NA
1211,79,Female,Yes,"Europe,White/European",5 000$
1212,82,Male,"NAP (married and living w legal spouse, Code 1 in MARITAL)","Europe,White/European",40 000$-50 000$
1215,60,Female,"NAP (married and living w legal spouse, Code 1 in MARITAL)","Europe,White/European",20 000$-25 000$
1216,46,Male,Yes,"Europe,White/European",NA
1217,43,Male,Yes,"Europe,White/European",50 000$-70 000$
1218,78,Male,Yes,"Europe,White/European",30 000$-40 000$
1221,63,Male,"NAP (married and living w legal spouse, Code 1 in MARITAL)",Maori+New Zealand,5 000$
1222,46,Female,"NAP (married and living w legal spouse, Code 1 in MARITAL)",Maori+New Zealand,10 000$-15 000$
1223,75,Male,"NAP (married and living w legal spouse, Code 1 in MARITAL)","Europe,White/European",NA
1225,62,Female,"NAP (married and living w legal spouse, Code 1 in MARITAL)","Europe,White/European",50 000$-70 000$
1226,62,Female,"NAP (married and living w legal spouse, Code 1 in MARITAL)","Europe,White/European",50 000$-70 000$
1229,65,Male,"NAP (married and living w legal spouse, Code 1 in MARITAL)","Europe,White/European",30 000$-40 000$
1231,33,Female,Yes,"Europe,White/European",40 000$-50 000$
1233,52,Female,"NAP (married and living w legal spouse, Code 1 in MARITAL)","Europe,White/European",15 000$-20 000$
1234,46,Female,"NAP (married and living w legal spouse, Code 1 in MARITAL)","Europe,White/European",40 000$-50 000$
1235,76,Male,"NAP (married and living w legal spouse, Code 1 in MARITAL)","Europe,White/European",50 000$-70 000$
1239,71,Female,"NAP (married and living w legal spouse, Code 1 in MARITAL)","Europe,White/European",> 100 000$
1243,73,Male,"NAP (married and living w legal spouse, Code 1 in MARITAL)","Europe,White/European",10 000$-15 000$
1244,62,Male,"NAP (married and living w legal spouse, Code 1 in MARITAL)","Europe,White/European",5 000$
1246,68,Female,Yes,Maori+New Zealand,30 000$-40 000$
1251,64,Female,Yes,Maori+New Zealand,10 000$-15 000$
1252,57,Female,"NAP (married and living w legal spouse, Code 1 in MARITAL)",Maori+New Zealand,15 000$-20 000$
1253,70,Male,"NAP (married and living w legal spouse, Code 1 in MARITAL)","Europe,White/European",NA
1254,36,Female,"NAP (married and living w legal spouse, Code 1 in MARITAL)","Europe,White/European",NA
1256,77,Male,Yes,"Europe,White/European",20 000$-25 000$
1257,73,Male,"NAP (married and living w legal spouse, Code 1 in MARITAL)","Europe,White/European",30 000$-40 000$
1258,37,Male,"NAP (married and living w legal spouse, Code 1 in MARITAL)","Europe,White/European",20 000$-25 000$
1260,43,Male,No,"Europe,White/European",20 000$-25 000$
1261,37,Female,"NAP (married and living w legal spouse, Code 1 in MARITAL)","Europe,White/European",15 000$-20 000$
1262,74,Male,Yes,"Europe,White/European",70 000$-100 000$
1265,50,Female,"NAP (married and living w legal spouse, Code 1 in MARITAL)","Europe,White/European",> 100 000$
1268,64,Male,Yes,"Europe,White/European",20 000$-25 000$
1270,63,Female,"NA,refused","NA, dont know",15 000$-20 000$
1272,50,Female,"NAP (married and living w legal spouse, Code 1 in MARITAL)","Europe,White/European",50 000$-70 000$
1279,19,Female,Yes,"Europe,White/European",25 000$-30 000$
1282,33,Female,No,"Europe,White/European",5 000$
1283,67,Female,"NAP (married and living w legal spouse, Code 1 in MARITAL)","Europe,White/European",10 000$-15 000$
1284,73,Male,"NAP (married and living w legal spouse, Code 1 in MARITAL)","Europe,White/European",40 000$-50 000$
1285,33,Male,"NAP (married and living w legal spouse, Code 1 in MARITAL)","Europe,White/European",5 000$
1286,35,Male,"NAP (married and living w legal spouse, Code 1 in MARITAL)","Europe,White/European",50 000$-70 000$
1288,57,Female,"NAP (married and living w legal spouse, Code 1 in MARITAL)","Europe,White/European",30 000$-40 000$
1290,53,Male,"NAP (married and living w legal spouse, Code 1 in MARITAL)","Europe,White/European",30 000$-40 000$
1292,31,Female,Yes,"Europe,White/European",15 000$-20 000$
1294,43,Female,"NA,refused","NA, dont know",20 000$-25 000$
1297,66,Female,"NAP (married and living w legal spouse, Code 1 in MARITAL)",Maori+New Zealand,30 000$-40 000$
1299,53,Female,"NAP (married and living w legal spouse, Code 1 in MARITAL)","Europe,White/European",> 100 000$
1303,26,Female,Yes,"Europe,White/European",25 000$-30 000$
1305,98,Male,"NAP (married and living w legal spouse, Code 1 in MARITAL)","Europe,White/European",25 000$-30 000$
1309,82,Male,"NAP (married and living w legal spouse, Code 1 in MARITAL)","Europe,White/European",30 000$-40 000$
1311,43,Female,No,"Europe,White/European",25 000$-30 000$
1315,40,Male,Yes,Maori+New Zealand,30 000$-40 000$
1317,26,Female,Yes,"Europe,White/European",40 000$-50 000$
1318,56,Female,"NAP (married and living w legal spouse, Code 1 in MARITAL)","Europe,White/European",50 000$-70 000$
1319,61,Female,"NAP (married and living w legal spouse, Code 1 in MARITAL)","Europe,White/European",10 000$-15 000$
1321,62,Male,"NAP (married and living w legal spouse, Code 1 in MARITAL)","Europe,White/European",NA
1322,20,Female,Yes,Maori+New Zealand,20 000$-25 000$
1324,26,Female,Yes,"Europe,White/European",50 000$-70 000$
1325,49,Female,"NAP (married and living w legal spouse, Code 1 in MARITAL)","Europe,White/European",50 000$-70 000$
1328,44,Female,"NAP (married and living w legal spouse, Code 1 in MARITAL)","Europe,White/European",5 000$
1329,43,Male,Yes,"Europe,White/European",40 000$-50 000$
1330,43,Female,Yes,"Europe,White/European",5 000$
1331,43,Female,"NAP (married and living w legal spouse, Code 1 in MARITAL)","Europe,White/European",70 000$-100 000$
1333,32,Female,"NAP (married and living w legal spouse, Code 1 in MARITAL)","Europe,White/European",50 000$-70 000$
1337,45,Male,"NAP (married and living w legal spouse, Code 1 in MARITAL)","Other,mixed origin",10 000$-15 000$
1339,60,Male,"NAP (married and living w legal spouse, Code 1 in MARITAL)","Europe,White/European",30 000$-40 000$
1340,34,Female,No,"Europe,White/European",50 000$-70 000$
1343,26,Female,Yes,"Europe,White/European",30 000$-40 000$
1345,52,Female,No,"Europe,White/European",20 000$-25 000$
1347,23,Male,"NAP (married and living w legal spouse, Code 1 in MARITAL)","Europe,White/European",15 000$-20 000$
1350,53,Female,Yes,"Europe,White/European",30 000$-40 000$
1351,59,Female,"NAP (married and living w legal spouse, Code 1 in MARITAL)","Europe,White/European",15 000$-20 000$
1352,61,Male,"NAP (married and living w legal spouse, Code 1 in MARITAL)","Europe,White/European",> 100 000$
1353,49,Female,"NAP (married and living w legal spouse, Code 1 in MARITAL)","Europe,White/European",25 000$-30 000$
1354,62,Male,"NAP (married and living w legal spouse, Code 1 in MARITAL)","Europe,White/European",5 000$
1355,66,Male,"NAP (married and living w legal spouse, Code 1 in MARITAL)","Europe,White/European",20 000$-25 000$
1357,21,Female,Yes,"Europe,White/European",> 100 000$
1360,50,Female,"NAP (married and living w legal spouse, Code 1 in MARITAL)","Europe,White/European",NA
1361,43,Male,"NAP (married and living w legal spouse, Code 1 in MARITAL)","Europe,White/European",20 000$-25 000$
1362,41,Male,"NAP (married and living w legal spouse, Code 1 in MARITAL)","Europe,White/European",20 000$-25 000$
1363,75,Female,Yes,"Europe,White/European",NA
1364,50,Female,"NAP (married and living w legal spouse, Code 1 in MARITAL)","Europe,White/European",25 000$-30 000$
1366,77,Male,"NAP (married and living w legal spouse, Code 1 in MARITAL)","Europe,White/European",70 000$-100 000$
1368,53,Male,Yes,Maori+New Zealand,30 000$-40 000$
1371,41,Male,"NAP (married and living w legal spouse, Code 1 in MARITAL)","NA, dont know",50 000$-70 000$
1373,39,Male,Yes,Maori+New Zealand,30 000$-40 000$
1374,57,Male,"NAP (married and living w legal spouse, Code 1 in MARITAL)","Europe,White/European",30 000$-40 000$
1375,56,Male,"NAP (married and living w legal spouse, Code 1 in MARITAL)","Europe,White/European",50 000$-70 000$
1378,61,Male,"NAP (married and living w legal spouse, Code 1 in MARITAL)","Europe,White/European",5 000$
1379,53,Female,"NAP (married and living w legal spouse, Code 1 in MARITAL)",Maori+New Zealand,NA
1382,74,Male,"NAP (married and living w legal spouse, Code 1 in MARITAL)","Europe,White/European",10 000$-15 000$
1384,79,Female,"NAP (married and living w legal spouse, Code 1 in MARITAL)","Europe,White/European",40 000$-50 000$
1389,81,Male,"NAP (married and living w legal spouse, Code 1 in MARITAL)","Europe,White/European",15 000$-20 000$
1392,37,Female,"NAP (married and living w legal spouse, Code 1 in MARITAL)","Europe,White/European",> 100 000$
1394,62,Male,"NAP (married and living w legal spouse, Code 1 in MARITAL)","Europe,White/European",15 000$-20 000$
1396,64,Male,"NAP (married and living w legal spouse, Code 1 in MARITAL)","Europe,White/European",30 000$-40 000$
1397,57,Male,No,Maori+New Zealand,30 000$-40 000$
1398,70,Male,"NAP (married and living w legal spouse, Code 1 in MARITAL)","Europe,White/European",15 000$-20 000$
1400,42,Female,Yes,Maori+New Zealand,25 000$-30 000$
1402,73,Female,Yes,"Europe,White/European",30 000$-40 000$
1403,34,Male,"NAP (married and living w legal spouse, Code 1 in MARITAL)","Europe,White/European",25 000$-30 000$
1404,60,Female,No,"Europe,White/European",15 000$-20 000$
1406,33,Female,"NAP (married and living w legal spouse, Code 1 in MARITAL)","Europe,White/European",10 000$-15 000$
1407,20,Male,Yes,"Europe,White/European",10 000$-15 000$
1408,21,Female,Yes,"Europe,White/European",15 000$-20 000$
1411,69,Female,"NAP (married and living w legal spouse, Code 1 in MARITAL)","Europe,White/European",5 000$
1414,61,Male,"NAP (married and living w legal spouse, Code 1 in MARITAL)","Europe,White/European",10 000$-15 000$
1415,30,Female,"NAP (married and living w legal spouse, Code 1 in MARITAL)","Europe,White/European",NA
1416,26,Male,"NAP (married and living w legal spouse, Code 1 in MARITAL)","PACIFIC,Polynesian,Chamorro/Guam",> 100 000$
1419,63,Female,"NAP (married and living w legal spouse, Code 1 in MARITAL)","Europe,White/European",50 000$-70 000$
1422,48,Male,Yes,"Europe,White/European",50 000$-70 000$
1424,59,Female,"NAP (married and living w legal spouse, Code 1 in MARITAL)","Europe,White/European",20 000$-25 000$
1425,51,Female,"NAP (married and living w legal spouse, Code 1 in MARITAL)","Europe,White/European",30 000$-40 000$
1426,35,Female,"NAP (married and living w legal spouse, Code 1 in MARITAL)",Maori+New Zealand,15 000$-20 000$
1427,32,Male,"NAP (married and living w legal spouse, Code 1 in MARITAL)","Europe,White/European",5 000$
1430,62,Male,Yes,"Europe,White/European",> 100 000$
1434,91,Female,Yes,"Europe,White/European",30 000$-40 000$
1441,49,Male,"NAP (married and living w legal spouse, Code 1 in MARITAL)","Europe,White/European",40 000$-50 000$
1444,31,Female,Yes,"Other,mixed origin",50 000$-70 000$
1447,60,Female,"NAP (married and living w legal spouse, Code 1 in MARITAL)","Europe,White/European",50 000$-70 000$
1453,36,Male,Yes,"Europe,White/European",70 000$-100 000$
1454,29,Female,"NAP (married and living w legal spouse, Code 1 in MARITAL)","Europe,White/European",30 000$-40 000$
1455,44,Female,"NAP (married and living w legal spouse, Code 1 in MARITAL)","Other,mixed origin",40 000$-50 000$
1457,41,Female,Yes,"Europe,White/European",50 000$-70 000$
1458,57,Female,"NAP (married and living w legal spouse, Code 1 in MARITAL)","India,Hindi,Urdu,Gujarati,Tamil",> 100 000$
1463,40,Male,"NAP (married and living w legal spouse, Code 1 in MARITAL)","Europe,White/European",15 000$-20 000$
1465,45,Male,"NAP (married and living w legal spouse, Code 1 in MARITAL)","Europe,White/European",15 000$-20 000$
1466,38,Female,"NAP (married and living w legal spouse, Code 1 in MARITAL)","Europe,White/European",70 000$-100 000$
1468,25,Female,Yes,"Europe,White/European",15 000$-20 000$
1470,38,Male,"NAP (married and living w legal spouse, Code 1 in MARITAL)","Europe,White/European",15 000$-20 000$
1475,38,Female,"NAP (married and living w legal spouse, Code 1 in MARITAL)","Europe,White/European",40 000$-50 000$
1476,84,Female,Yes,"Europe,White/European",70 000$-100 000$
1479,65,Male,"NAP (married and living w legal spouse, Code 1 in MARITAL)","Europe,White/European",40 000$-50 000$
1480,64,Male,"NAP (married and living w legal spouse, Code 1 in MARITAL)","Europe,White/European",30 000$-40 000$
1481,35,Female,"NAP (married and living w legal spouse, Code 1 in MARITAL)","Europe,White/European",50 000$-70 000$
1487,64,Male,"NAP (married and living w legal spouse, Code 1 in MARITAL)","Europe,White/European",10 000$-15 000$
1489,50,Male,Yes,"Europe,White/European",10 000$-15 000$
1490,66,Female,"NAP (married and living w legal spouse, Code 1 in MARITAL)","Europe,White/European",> 100 000$
1491,69,Male,"NAP (married and living w legal spouse, Code 1 in MARITAL)","China,Cantonese,Hakka,Mandarin",50 000$-70 000$
1492,33,Female,"NAP (married and living w legal spouse, Code 1 in MARITAL)","Europe,White/European",70 000$-100 000$
1494,44,Male,"NAP (married and living w legal spouse, Code 1 in MARITAL)","Europe,White/European",70 000$-100 000$
1500,60,Male,"NAP (married and living w legal spouse, Code 1 in MARITAL)","Europe,White/European",50 000$-70 000$
1501,58,Male,"NAP (married and living w legal spouse, Code 1 in MARITAL)","Europe,White/European",30 000$-40 000$
1505,29,Male,Yes,"Europe,White/European",20 000$-25 000$
1507,45,Male,"NAP (married and living w legal spouse, Code 1 in MARITAL)","Europe,White/European",30 000$-40 000$
1510,66,Female,"NAP (married and living w legal spouse, Code 1 in MARITAL)","Europe,White/European",30 000$-40 000$
1515,28,Male,"NAP (married and living w legal spouse, Code 1 in MARITAL)","Other,mixed origin",40 000$-50 000$
1519,32,Male,Yes,"Europe,White/European",20 000$-25 000$
1520,70,Female,"NAP (married and living w legal spouse, Code 1 in MARITAL)","Europe,White/European",20 000$-25 000$
1527,78,Male,No,"Europe,White/European",40 000$-50 000$
1528,63,Female,"NAP (married and living w legal spouse, Code 1 in MARITAL)","Europe,White/European",20 000$-25 000$
1530,28,Male,Yes,"Europe,White/European",> 100 000$
1542,71,Female,"NAP (married and living w legal spouse, Code 1 in MARITAL)",Maori+New Zealand,30 000$-40 000$
1543,61,Male,"NAP (married and living w legal spouse, Code 1 in MARITAL)","Europe,White/European",40 000$-50 000$
1545,36,Female,"NAP (married and living w legal spouse, Code 1 in MARITAL)","Europe,White/European",50 000$-70 000$
1546,42,Male,Yes,"Europe,White/European",20 000$-25 000$
1547,37,Female,"NAP (married and living w legal spouse, Code 1 in MARITAL)","Europe,White/European",50 000$-70 000$
1549,70,Female,"NAP (married and living w legal spouse, Code 1 in MARITAL)","NA, dont know",15 000$-20 000$
1551,26,Male,"NAP (married and living w legal spouse, Code 1 in MARITAL)","Europe,White/European",15 000$-20 000$
1555,69,Female,No,"PACIFIC,Polynesian,Chamorro/Guam",10 000$-15 000$
1556,71,Female,"NAP (married and living w legal spouse, Code 1 in MARITAL)","Europe,White/European",25 000$-30 000$
1557,64,Female,Yes,"Europe,White/European",> 100 000$
1558,67,Male,"NAP (married and living w legal spouse, Code 1 in MARITAL)","Europe,White/European",30 000$-40 000$
1561,36,Male,Yes,"Europe,White/European",50 000$-70 000$
1562,44,Female,"NAP (married and living w legal spouse, Code 1 in MARITAL)","PACIFIC,Polynesian,Chamorro/Guam",15 000$-20 000$
1564,60,Male,"NAP (married and living w legal spouse, Code 1 in MARITAL)","Europe,White/European",15 000$-20 000$
1566,31,Female,"NAP (married and living w legal spouse, Code 1 in MARITAL)","Europe,White/European",15 000$-20 000$
1569,59,Female,Yes,"Europe,White/European",25 000$-30 000$
1570,34,Male,"NAP (married and living w legal spouse, Code 1 in MARITAL)",Maori+New Zealand,50 000$-70 000$
1572,45,Female,"NAP (married and living w legal spouse, Code 1 in MARITAL)","Other,mixed origin",10 000$-15 000$
1576,60,Male,"NAP (married and living w legal spouse, Code 1 in MARITAL)","Europe,White/European",> 100 000$
1577,48,Female,No,"Europe,White/European",15 000$-20 000$
1578,54,Female,"NAP (married and living w legal spouse, Code 1 in MARITAL)","Europe,White/European",15 000$-20 000$
1592,66,Female,Yes,"Europe,White/European",20 000$-25 000$
1593,76,Female,Yes,"Europe,White/European",30 000$-40 000$
1595,66,Male,"NAP (married and living w legal spouse, Code 1 in MARITAL)","Europe,White/European",10 000$-15 000$
1599,60,Female,"NAP (married and living w legal spouse, Code 1 in MARITAL)","Europe,White/European",70 000$-100 000$
1600,65,Female,"NAP (married and living w legal spouse, Code 1 in MARITAL)","Europe,White/European",25 000$-30 000$
1603,83,Male,"NAP (married and living w legal spouse, Code 1 in MARITAL)","Europe,White/European",40 000$-50 000$
1605,42,Male,"NAP (married and living w legal spouse, Code 1 in MARITAL)","India,Hindi,Urdu,Gujarati,Tamil",70 000$-100 000$
1607,63,Male,"NAP (married and living w legal spouse, Code 1 in MARITAL)","Europe,White/European",> 100 000$
1608,32,Female,"NAP (married and living w legal spouse, Code 1 in MARITAL)","Europe,White/European",15 000$-20 000$
1609,48,Male,"NAP (married and living w legal spouse, Code 1 in MARITAL)","Europe,White/European",50 000$-70 000$
1610,21,Female,Yes,"Europe,White/European",5 000$
1611,54,Female,"NAP (married and living w legal spouse, Code 1 in MARITAL)","Europe,White/European",25 000$-30 000$
1612,52,Female,No,"Europe,White/European",30 000$-40 000$
1613,25,Male,Yes,Maori+New Zealand,50 000$-70 000$
1618,55,Female,Yes,"Europe,White/European",5 000$
1619,54,Female,"NAP (married and living w legal spouse, Code 1 in MARITAL)","Europe,White/European",50 000$-70 000$
1626,36,Female,"NAP (married and living w legal spouse, Code 1 in MARITAL)","Europe,White/European",30 000$-40 000$
1627,36,Male,"NAP (married and living w legal spouse, Code 1 in MARITAL)","Europe,White/European",70 000$-100 000$
1628,63,Female,Yes,"Europe,White/European",5 000$
1633,44,Male,"NAP (married and living w legal spouse, Code 1 in MARITAL)","Europe,White/European",40 000$-50 000$
1635,55,Female,"NAP (married and living w legal spouse, Code 1 in MARITAL)","Europe,White/European",25 000$-30 000$
1638,47,Female,"NAP (married and living w legal spouse, Code 1 in MARITAL)","Europe,White/European",25 000$-30 000$
1639,75,Male,"NAP (married and living w legal spouse, Code 1 in MARITAL)","Europe,White/European",25 000$-30 000$
1640,63,Male,"NA,refused","NA, dont know",15 000$-20 000$
1641,75,Male,"NAP (married and living w legal spouse, Code 1 in MARITAL)","Europe,White/European",NA
1642,72,Female,No,"Europe,White/European",25 000$-30 000$
1643,83,Female,"NAP (married and living w legal spouse, Code 1 in MARITAL)","Europe,White/European",25 000$-30 000$
1645,86,Female,Yes,"Europe,White/European",NA
1646,73,Female,"NAP (married and living w legal spouse, Code 1 in MARITAL)","Europe,White/European",NA
1647,48,Female,"NAP (married and living w legal spouse, Code 1 in MARITAL)","Europe,White/European",15 000$-20 000$
1649,50,Male,"NAP (married and living w legal spouse, Code 1 in MARITAL)","Europe,White/European",40 000$-50 000$
1650,83,Male,No,"Europe,White/European",5 000$
1651,58,Male,"NAP (married and living w legal spouse, Code 1 in MARITAL)","Europe,White/European",25 000$-30 000$
1653,35,Female,Yes,"Europe,White/European",20 000$-25 000$
1654,54,Female,"NAP (married and living w legal spouse, Code 1 in MARITAL)","Europe,White/European",20 000$-25 000$
1656,58,Female,"NAP (married and living w legal spouse, Code 1 in MARITAL)",Maori+New Zealand,20 000$-25 000$
1657,92,Female,"NAP (married and living w legal spouse, Code 1 in MARITAL)","Europe,White/European",10 000$-15 000$
1658,73,Male,"NAP (married and living w legal spouse, Code 1 in MARITAL)","Europe,White/European",5 000$
1661,84,Male,"NAP (married and living w legal spouse, Code 1 in MARITAL)","Europe,White/European",5 000$
1663,38,Female,"NAP (married and living w legal spouse, Code 1 in MARITAL)","Europe,White/European",50 000$-70 000$
1665,21,Female,Yes,"Europe,White/European",25 000$-30 000$
1670,60,Female,"NAP (married and living w legal spouse, Code 1 in MARITAL)","Europe,White/European",> 100 000$
1673,46,Female,"NAP (married and living w legal spouse, Code 1 in MARITAL)","Europe,White/European",30 000$-40 000$
1674,46,Male,"NAP (married and living w legal spouse, Code 1 in MARITAL)","Europe,White/European",50 000$-70 000$
1676,58,Male,Yes,"Europe,White/European",50 000$-70 000$
1679,48,Male,"NAP (married and living w legal spouse, Code 1 in MARITAL)","Europe,White/European",40 000$-50 000$
1681,29,Female,Yes,Maori+New Zealand,NA
1682,45,Male,"NAP (married and living w legal spouse, Code 1 in MARITAL)","Europe,White/European",NA
1683,55,Female,"NAP (married and living w legal spouse, Code 1 in MARITAL)","Europe,White/European",10 000$-15 000$
1684,54,Female,"NAP (married and living w legal spouse, Code 1 in MARITAL)","Europe,White/European",10 000$-15 000$
1685,78,Female,Yes,"Europe,White/European",10 000$-15 000$
1686,58,Female,Yes,"Europe,White/European",20 000$-25 000$
1687,57,Female,"NAP (married and living w legal spouse, Code 1 in MARITAL)","Europe,White/European",40 000$-50 000$
1688,77,Male,"NAP (married and living w legal spouse, Code 1 in MARITAL)","Europe,White/European",20 000$-25 000$
1689,97,Male,Yes,"Europe,White/European",30 000$-40 000$
1690,69,Female,No,"Europe,White/European",20 000$-25 000$
1691,27,Female,"NAP (married and living w legal spouse, Code 1 in MARITAL)","India,Hindi,Urdu,Gujarati,Tamil",30 000$-40 000$
1694,20,Female,No,"Europe,White/European",25 000$-30 000$
1696,59,Female,Yes,Maori+New Zealand,25 000$-30 000$
1697,26,Male,Yes,"Europe,White/European",50 000$-70 000$
1698,80,Male,"NAP (married and living w legal spouse, Code 1 in MARITAL)","Europe,White/European",10 000$-15 000$
1700,31,Female,"NAP (married and living w legal spouse, Code 1 in MARITAL)","Europe,White/European",15 000$-20 000$
1707,79,Female,Yes,"Europe,White/European",5 000$
1708,46,Male,Yes,"Europe,White/European",40 000$-50 000$
1709,48,Female,"NAP (married and living w legal spouse, Code 1 in MARITAL)","Europe,White/European",30 000$-40 000$
1710,30,Male,No,"Europe,White/European",15 000$-20 000$
1711,40,Female,Yes,"Europe,White/European",40 000$-50 000$
1713,76,Male,"NAP (married and living w legal spouse, Code 1 in MARITAL)","Europe,White/European",10 000$-15 000$
1716,55,Female,"NAP (married and living w legal spouse, Code 1 in MARITAL)","Europe,White/European",40 000$-50 000$
1718,75,Male,"NAP (married and living w legal spouse, Code 1 in MARITAL)","Europe,White/European",10 000$-15 000$
1719,57,Male,"NAP (married and living w legal spouse, Code 1 in MARITAL)","Europe,White/European",NA
1720,32,Male,Yes,"Europe,White/European",30 000$-40 000$
1721,23,Female,"NAP (married and living w legal spouse, Code 1 in MARITAL)","Europe,White/European",40 000$-50 000$
1722,49,Male,No,"Europe,White/European",15 000$-20 000$
1723,60,Female,"NAP (married and living w legal spouse, Code 1 in MARITAL)","Europe,White/European",70 000$-100 000$
1727,31,Female,No,"Europe,White/European",50 000$-70 000$
1729,34,Male,"NAP (married and living w legal spouse, Code 1 in MARITAL)","Europe,White/European",15 000$-20 000$
1731,47,Female,Yes,"Europe,White/European",30 000$-40 000$
1736,61,Male,"NAP (married and living w legal spouse, Code 1 in MARITAL)","Europe,White/European",30 000$-40 000$
1737,86,Male,"NAP (married and living w legal spouse, Code 1 in MARITAL)","Europe,White/European",70 000$-100 000$
1739,81,Male,"NAP (married and living w legal spouse, Code 1 in MARITAL)","Europe,White/European",10 000$-15 000$
1743,38,Male,"NAP (married and living w legal spouse, Code 1 in MARITAL)","Europe,White/European",30 000$-40 000$
1744,80,Male,"NAP (married and living w legal spouse, Code 1 in MARITAL)","Europe,White/European",70 000$-100 000$
1745,66,Male,No,"Europe,White/European",> 100 000$
1746,74,Male,"NAP (married and living w legal spouse, Code 1 in MARITAL)","Europe,White/European",50 000$-70 000$
1748,59,Female,"NAP (married and living w legal spouse, Code 1 in MARITAL)","Europe,White/European",25 000$-30 000$
1750,46,Female,"NAP (married and living w legal spouse, Code 1 in MARITAL)","Other,mixed origin",20 000$-25 000$
1753,45,Female,No,"Europe,White/European",50 000$-70 000$
1754,39,Female,"NAP (married and living w legal spouse, Code 1 in MARITAL)","Europe,White/European",50 000$-70 000$
1755,23,Male,Yes,"Europe,White/European",40 000$-50 000$
1757,50,Male,"NAP (married and living w legal spouse, Code 1 in MARITAL)","Europe,White/European",50 000$-70 000$
1759,58,Female,"NAP (married and living w legal spouse, Code 1 in MARITAL)","Europe,White/European",40 000$-50 000$
1762,39,Male,"NAP (married and living w legal spouse, Code 1 in MARITAL)","Europe,White/European",70 000$-100 000$
1766,36,Male,Yes,"Europe,White/European",50 000$-70 000$
1769,62,Female,"NAP (married and living w legal spouse, Code 1 in MARITAL)","Europe,White/European",20 000$-25 000$
1771,43,Male,"NAP (married and living w legal spouse, Code 1 in MARITAL)","Europe,White/European",20 000$-25 000$
1776,66,Female,Yes,"Europe,White/European",70 000$-100 000$
1777,32,Female,No,"Europe,White/European",5 000$
1785,48,Male,Yes,"Europe,White/European",50 000$-70 000$
1786,57,Female,Yes,"Europe,White/European",40 000$-50 000$
1787,32,Male,"NAP (married and living w legal spouse, Code 1 in MARITAL)","Europe,White/European",70 000$-100 000$
1788,53,Female,"NAP (married and living w legal spouse, Code 1 in MARITAL)",Maori+New Zealand,15 000$-20 000$
1795,39,Male,"NAP (married and living w legal spouse, Code 1 in MARITAL)","Europe,White/European",5 000$
1796,31,Female,Yes,Maori+New Zealand,70 000$-100 000$
1798,39,Female,"NAP (married and living w legal spouse, Code 1 in MARITAL)","Europe,White/European",5 000$
1799,56,Female,"NAP (married and living w legal spouse, Code 1 in MARITAL)","Europe,White/European",30 000$-40 000$
1801,33,Female,"NAP (married and living w legal spouse, Code 1 in MARITAL)","Europe,White/European",70 000$-100 000$
1802,25,Male,No,"Europe,White/European",15 000$-20 000$
1803,42,Female,"NAP (married and living w legal spouse, Code 1 in MARITAL)","Europe,White/European",20 000$-25 000$
1804,43,Female,Yes,"Europe,White/European",50 000$-70 000$
1805,67,Female,No,"Europe,White/European",15 000$-20 000$
1807,51,Male,"NAP (married and living w legal spouse, Code 1 in MARITAL)",Maori+New Zealand,50 000$-70 000$
1810,27,Male,No,"Europe,White/European",10 000$-15 000$
1811,46,Male,Yes,"Europe,White/European",5 000$
1812,84,Female,No,"Europe,White/European",40 000$-50 000$
1813,29,Female,"NAP (married and living w legal spouse, Code 1 in MARITAL)","Europe,White/European",NA
1814,30,Male,No,"Europe,White/European",30 000$-40 000$
1816,31,Female,"NAP (married and living w legal spouse, Code 1 in MARITAL)","Europe,White/European",40 000$-50 000$
1818,52,Female,Yes,"Europe,White/European",10 000$-15 000$
1819,44,Female,Yes,"Europe,White/European",70 000$-100 000$
1824,69,Female,"NAP (married and living w legal spouse, Code 1 in MARITAL)","Europe,White/European",50 000$-70 000$
1825,52,Male,"NAP (married and living w legal spouse, Code 1 in MARITAL)","Europe,White/European",50 000$-70 000$
1828,59,Male,Yes,"Europe,White/European",40 000$-50 000$
1830,50,Female,"NAP (married and living w legal spouse, Code 1 in MARITAL)",Maori+New Zealand,50 000$-70 000$
1832,30,Male,"NAP (married and living w legal spouse, Code 1 in MARITAL)","Europe,White/European",10 000$-15 000$
1833,30,Male,Yes,"Europe,White/European",15 000$-20 000$
1835,48,Female,"NAP (married and living w legal spouse, Code 1 in MARITAL)","Europe,White/European",15 000$-20 000$
1837,68,Male,"NAP (married and living w legal spouse, Code 1 in MARITAL)","Europe,White/European",20 000$-25 000$
1839,48,Male,Yes,"Europe,White/European",70 000$-100 000$
1842,22,Male,Yes,"Europe,White/European",30 000$-40 000$
1844,73,Male,"NAP (married and living w legal spouse, Code 1 in MARITAL)","Europe,White/European",20 000$-25 000$
1846,63,Female,"NAP (married and living w legal spouse, Code 1 in MARITAL)","Europe,White/European",10 000$-15 000$
1847,71,Female,No,Maori+New Zealand,15 000$-20 000$
1850,70,Male,"NAP (married and living w legal spouse, Code 1 in MARITAL)","Europe,White/European",10 000$-15 000$
1853,66,Female,Yes,"Europe,White/European",20 000$-25 000$
1854,68,Female,"NAP (married and living w legal spouse, Code 1 in MARITAL)","Europe,White/European",> 100 000$
1857,49,Female,"NAP (married and living w legal spouse, Code 1 in MARITAL)","Europe,White/European",40 000$-50 000$
1858,47,Male,"NAP (married and living w legal spouse, Code 1 in MARITAL)","Europe,White/European",50 000$-70 000$
1867,61,Female,"NAP (married and living w legal spouse, Code 1 in MARITAL)","Europe,White/European",40 000$-50 000$
1870,62,Female,"NAP (married and living w legal spouse, Code 1 in MARITAL)","Europe,White/European",15 000$-20 000$
1871,48,Male,"NAP (married and living w legal spouse, Code 1 in MARITAL)","Europe,White/European",30 000$-40 000$
1872,78,Male,Yes,"Europe,White/European",70 000$-100 000$
1873,53,Male,Yes,"Europe,White/European",10 000$-15 000$
1874,38,Male,"NAP (married and living w legal spouse, Code 1 in MARITAL)",Maori+New Zealand,10 000$-15 000$
1877,69,Female,"NAP (married and living w legal spouse, Code 1 in MARITAL)","Europe,White/European",40 000$-50 000$
1879,31,Female,No,"Europe,White/European",5 000$
1881,47,Female,"NAP (married and living w legal spouse, Code 1 in MARITAL)","Europe,White/European",15 000$-20 000$
1882,38,Female,No,"Europe,White/European",15 000$-20 000$
1884,58,Female,Yes,"Europe,White/European",10 000$-15 000$
1885,90,Female,Yes,"Europe,White/European",NA
1886,64,Female,"NAP (married and living w legal spouse, Code 1 in MARITAL)","Europe,White/European",40 000$-50 000$
1887,82,Male,"NAP (married and living w legal spouse, Code 1 in MARITAL)","Europe,White/European",70 000$-100 000$
1892,66,Male,"NAP (married and living w legal spouse, Code 1 in MARITAL)","Europe,White/European",10 000$-15 000$
1893,63,Male,"NAP (married and living w legal spouse, Code 1 in MARITAL)","Europe,White/European",10 000$-15 000$
1897,32,Female,"NAP (married and living w legal spouse, Code 1 in MARITAL)","Europe,White/European",10 000$-15 000$
1901,48,Female,Yes,"Europe,White/European",10 000$-15 000$
1903,80,Female,"NAP (married and living w legal spouse, Code 1 in MARITAL)","Europe,White/European",15 000$-20 000$
1904,68,Female,"NAP (married and living w legal spouse, Code 1 in MARITAL)","Europe,White/European",30 000$-40 000$
1906,33,Female,Yes,"Europe,White/European",NA
1915,66,Male,"NAP (married and living w legal spouse, Code 1 in MARITAL)","Europe,White/European",30 000$-40 000$
1920,60,Female,"NAP (married and living w legal spouse, Code 1 in MARITAL)","Europe,White/European",25 000$-30 000$
1923,46,Male,Yes,Maori+New Zealand,25 000$-30 000$
1927,45,Female,"NAP (married and living w legal spouse, Code 1 in MARITAL)","Europe,White/European",5 000$
1930,58,Female,"NAP (married and living w legal spouse, Code 1 in MARITAL)","Europe,White/European",15 000$-20 000$
1936,67,Male,"NAP (married and living w legal spouse, Code 1 in MARITAL)","Europe,White/European",NA
1938,64,Female,"NAP (married and living w legal spouse, Code 1 in MARITAL)","Europe,White/European",10 000$-15 000$
1939,59,Female,Yes,"Europe,White/European",> 100 000$
1943,66,Female,"NAP (married and living w legal spouse, Code 1 in MARITAL)","Europe,White/European",70 000$-100 000$
1945,41,Male,Yes,"Europe,White/European",10 000$-15 000$
1946,46,Male,"NAP (married and living w legal spouse, Code 1 in MARITAL)","Other,mixed origin",40 000$-50 000$
1949,47,Female,"NAP (married and living w legal spouse, Code 1 in MARITAL)","Europe,White/European",50 000$-70 000$
1952,29,Female,No,"Europe,White/European",30 000$-40 000$
1953,41,Male,"NAP (married and living w legal spouse, Code 1 in MARITAL)","Europe,White/European",25 000$-30 000$
1954,62,Male,"NAP (married and living w legal spouse, Code 1 in MARITAL)","Europe,White/European",NA
1955,56,Female,No,"Europe,White/European",30 000$-40 000$
1959,64,Female,Yes,"Europe,White/European",25 000$-30 000$
1960,66,Female,Yes,"Europe,White/European",> 100 000$
1961,37,Male,"NAP (married and living w legal spouse, Code 1 in MARITAL)","China,Cantonese,Hakka,Mandarin",NA
1962,57,Male,"NAP (married and living w legal spouse, Code 1 in MARITAL)","Europe,White/European",> 100 000$
1964,76,Female,"NAP (married and living w legal spouse, Code 1 in MARITAL)","Europe,White/European",5 000$
1966,42,Male,Yes,"Europe,White/European",10 000$-15 000$
1967,21,Female,Yes,"Europe,White/European",5 000$
1968,73,Male,"NAP (married and living w legal spouse, Code 1 in MARITAL)","Europe,White/European",20 000$-25 000$
1971,44,Female,"NAP (married and living w legal spouse, Code 1 in MARITAL)","Europe,White/European",15 000$-20 000$
1973,55,Female,"NAP (married and living w legal spouse, Code 1 in MARITAL)","Europe,White/European",50 000$-70 000$
1974,94,Female,Yes,"Europe,White/European",40 000$-50 000$
1975,35,Male,"NAP (married and living w legal spouse, Code 1 in MARITAL)","Europe,White/European",30 000$-40 000$
1976,60,Female,"NAP (married and living w legal spouse, Code 1 in MARITAL)","Europe,White/European",50 000$-70 000$
1977,75,Female,"NAP (married and living w legal spouse, Code 1 in MARITAL)","Europe,White/European",15 000$-20 000$
1978,50,Female,"NAP (married and living w legal spouse, Code 1 in MARITAL)","Europe,White/European",50 000$-70 000$
1980,78,Male,"NAP (married and living w legal spouse, Code 1 in MARITAL)","Europe,White/European",25 000$-30 000$
1981,48,Male,"NAP (married and living w legal spouse, Code 1 in MARITAL)","Europe,White/European",50 000$-70 000$
1983,60,Female,"NAP (married and living w legal spouse, Code 1 in MARITAL)","Europe,White/European",NA
1984,60,Male,"NAP (married and living w legal spouse, Code 1 in MARITAL)","Europe,White/European",5 000$
1987,63,Female,"NAP (married and living w legal spouse, Code 1 in MARITAL)","Europe,White/European",5 000$
1989,32,Female,Yes,"Europe,White/European",5 000$
1990,58,Female,"NAP (married and living w legal spouse, Code 1 in MARITAL)","Europe,White/European",70 000$-100 000$
1992,30,Female,"NAP (married and living w legal spouse, Code 1 in MARITAL)",Maori+New Zealand,> 100 000$
1993,37,Female,"NAP (married and living w legal spouse, Code 1 in MARITAL)","Europe,White/European",30 000$-40 000$
1996,42,Male,Yes,"Europe,White/European",70 000$-100 000$
1998,61,Male,"NAP (married and living w legal spouse, Code 1 in MARITAL)","Europe,White/European",20 000$-25 000$
2000,33,Male,No,"Europe,White/European",40 000$-50 000$
2005,20,Male,Yes,"Europe,White/European",50 000$-70 000$
2007,50,Male,Yes,"Europe,White/European",40 000$-50 000$
2008,53,Male,"NAP (married and living w legal spouse, Code 1 in MARITAL)","Europe,White/European",20 000$-25 000$
2010,63,Male,"NAP (married and living w legal spouse, Code 1 in MARITAL)","Europe,White/European",50 000$-70 000$
2011,68,Male,Yes,"Europe,White/European",25 000$-30 000$
2012,62,Male,"NAP (married and living w legal spouse, Code 1 in MARITAL)","Europe,White/European",40 000$-50 000$
2013,71,Male,"NAP (married and living w legal spouse, Code 1 in MARITAL)","Europe,White/European",40 000$-50 000$
2014,35,Male,"NAP (married and living w legal spouse, Code 1 in MARITAL)","Europe,White/European",40 000$-50 000$
2015,54,Male,"NAP (married and living w legal spouse, Code 1 in MARITAL)","Europe,White/European",40 000$-50 000$
2016,50,Female,"NAP (married and living w legal spouse, Code 1 in MARITAL)","Europe,White/European",5 000$
2019,28,Male,Yes,"Europe,White/European",50 000$-70 000$
2020,21,Female,Yes,"Europe,White/European",20 000$-25 000$
2021,36,Male,"NAP (married and living w legal spouse, Code 1 in MARITAL)","Europe,White/European",10 000$-15 000$
2022,49,Female,"NAP (married and living w legal spouse, Code 1 in MARITAL)","Europe,White/European",10 000$-15 000$
2024,82,Male,"NAP (married and living w legal spouse, Code 1 in MARITAL)","Europe,White/European",25 000$-30 000$
2026,79,Female,"NAP (married and living w legal spouse, Code 1 in MARITAL)","Europe,White/European",10 000$-15 000$
2027,82,Male,"NAP (married and living w legal spouse, Code 1 in MARITAL)","Europe,White/European",20 000$-25 000$
2028,60,Female,"NAP (married and living w legal spouse, Code 1 in MARITAL)","Europe,White/European",50 000$-70 000$
2030,66,Male,"NAP (married and living w legal spouse, Code 1 in MARITAL)","Europe,White/European",10 000$-15 000$
2032,61,Male,"NAP (married and living w legal spouse, Code 1 in MARITAL)","Europe,White/European",25 000$-30 000$
2034,82,Female,"NAP (married and living w legal spouse, Code 1 in MARITAL)","Europe,White/European",40 000$-50 000$
2036,20,Male,No,"Europe,White/European",40 000$-50 000$
2037,70,Male,"NAP (married and living w legal spouse, Code 1 in MARITAL)","Europe,White/European",10 000$-15 000$
2040,50,Male,"NAP (married and living w legal spouse, Code 1 in MARITAL)","Europe,White/European",50 000$-70 000$
2042,84,Male,"NAP (married and living w legal spouse, Code 1 in MARITAL)","Europe,White/European",5 000$
2044,62,Male,"NAP (married and living w legal spouse, Code 1 in MARITAL)","Europe,White/European",25 000$-30 000$
2045,21,Female,No,Maori+New Zealand,50 000$-70 000$
2047,35,Female,"NAP (married and living w legal spouse, Code 1 in MARITAL)","Europe,White/European",5 000$
2048,23,Female,Yes,"Europe,White/European",15 000$-20 000$
2051,39,Female,"NAP (married and living w legal spouse, Code 1 in MARITAL)","Europe,White/European",10 000$-15 000$
2054,65,Female,"NAP (married and living w legal spouse, Code 1 in MARITAL)","Europe,White/European",10 000$-15 000$
2055,75,Male,Yes,"Europe,White/European",30 000$-40 000$
2056,74,Female,No,"Europe,White/European",40 000$-50 000$
2057,30,Male,"NAP (married and living w legal spouse, Code 1 in MARITAL)","Europe,White/European",10 000$-15 000$
2060,30,Female,Yes,"Europe,White/European",25 000$-30 000$
2062,68,Female,Yes,"Europe,White/European",50 000$-70 000$
2063,58,Male,"NAP (married and living w legal spouse, Code 1 in MARITAL)","Europe,White/European",10 000$-15 000$
2064,41,Male,Yes,"Europe,White/European",5 000$
2066,57,Female,Yes,"Europe,White/European",30 000$-40 000$
2068,71,Female,"NAP (married and living w legal spouse, Code 1 in MARITAL)","Europe,White/European",NA
2073,44,Male,"NAP (married and living w legal spouse, Code 1 in MARITAL)","Europe,White/European",40 000$-50 000$
2074,51,Female,"NAP (married and living w legal spouse, Code 1 in MARITAL)","Europe,White/European",50 000$-70 000$
2075,25,Female,Yes,"Europe,White/European",30 000$-40 000$
2076,35,Male,No,"Europe,White/European",15 000$-20 000$
2078,54,Male,Yes,"Europe,White/European",> 100 000$
2079,87,Female,Yes,"Europe,White/European",40 000$-50 000$
2081,41,Female,"NAP (married and living w legal spouse, Code 1 in MARITAL)","Europe,White/European",10 000$-15 000$
2082,37,Male,"NAP (married and living w legal spouse, Code 1 in MARITAL)","Europe,White/European",15 000$-20 000$
2083,70,Male,"NAP (married and living w legal spouse, Code 1 in MARITAL)","Europe,White/European",50 000$-70 000$
2086,88,Female,Yes,"Europe,White/European",5 000$
2088,34,Male,"NAP (married and living w legal spouse, Code 1 in MARITAL)","Europe,White/European",70 000$-100 000$
2091,50,Female,"NAP (married and living w legal spouse, Code 1 in MARITAL)","Europe,White/European",10 000$-15 000$
2095,56,Male,"NAP (married and living w legal spouse, Code 1 in MARITAL)","Europe,White/European",25 000$-30 000$
2096,74,Male,"NAP (married and living w legal spouse, Code 1 in MARITAL)","Europe,White/European",10 000$-15 000$
2097,33,Female,No,"Europe,White/European",30 000$-40 000$
2101,70,Male,"NAP (married and living w legal spouse, Code 1 in MARITAL)","Europe,White/European",15 000$-20 000$
2102,22,Male,Yes,"Other,mixed origin",5 000$
2103,68,Male,"NAP (married and living w legal spouse, Code 1 in MARITAL)","Europe,White/European",5 000$
2104,55,Male,Yes,"Europe,White/European",40 000$-50 000$
2105,25,Male,Yes,"Europe,White/European",10 000$-15 000$
2108,32,Male,"NAP (married and living w legal spouse, Code 1 in MARITAL)","PACIFIC,Polynesian,Chamorro/Guam",20 000$-25 000$
2109,69,Male,"NAP (married and living w legal spouse, Code 1 in MARITAL)","Europe,White/European",40 000$-50 000$
2110,67,Female,Yes,"Europe,White/European",50 000$-70 000$
2112,58,Female,No,"Europe,White/European",15 000$-20 000$
2113,53,Male,"NAP (married and living w legal spouse, Code 1 in MARITAL)","Europe,White/European",10 000$-15 000$
2116,62,Male,Yes,"Europe,White/European",70 000$-100 000$
2118,41,Female,"NAP (married and living w legal spouse, Code 1 in MARITAL)","Europe,White/European",5 000$
2125,46,Male,"NAP (married and living w legal spouse, Code 1 in MARITAL)","Europe,White/European",30 000$-40 000$
2128,72,Female,"NAP (married and living w legal spouse, Code 1 in MARITAL)","Europe,White/European",30 000$-40 000$
2131,65,Female,"NAP (married and living w legal spouse, Code 1 in MARITAL)","Europe,White/European",40 000$-50 000$
2133,51,Male,"NAP (married and living w legal spouse, Code 1 in MARITAL)","Europe,White/European",15 000$-20 000$
2136,60,Male,"NAP (married and living w legal spouse, Code 1 in MARITAL)","Europe,White/European",30 000$-40 000$
2137,60,Female,"NAP (married and living w legal spouse, Code 1 in MARITAL)","Europe,White/European",25 000$-30 000$
2138,27,Male,"NAP (married and living w legal spouse, Code 1 in MARITAL)",Maori+New Zealand,50 000$-70 000$
2141,61,Female,Yes,"Europe,White/European",40 000$-50 000$
2143,35,Male,"NAP (married and living w legal spouse, Code 1 in MARITAL)","Europe,White/European",30 000$-40 000$
2147,46,Male,Yes,"Europe,White/European",50 000$-70 000$
2148,56,Male,"NAP (married and living w legal spouse, Code 1 in MARITAL)","Europe,White/European",15 000$-20 000$
2150,55,Male,"NAP (married and living w legal spouse, Code 1 in MARITAL)","Europe,White/European",5 000$
2153,75,Female,Yes,"Europe,White/European",40 000$-50 000$
2154,82,Male,"NAP (married and living w legal spouse, Code 1 in MARITAL)","NA, dont know",15 000$-20 000$
2156,48,Male,Yes,"Europe,White/European",70 000$-100 000$
2158,38,Female,"NAP (married and living w legal spouse, Code 1 in MARITAL)","Europe,White/European",25 000$-30 000$
2159,64,Female,"NAP (married and living w legal spouse, Code 1 in MARITAL)","Europe,White/European",15 000$-20 000$
2161,56,Female,No,"Europe,White/European",40 000$-50 000$
2163,79,Male,"NAP (married and living w legal spouse, Code 1 in MARITAL)","Europe,White/European",70 000$-100 000$
2164,53,Female,"NA,refused","Europe,White/European",50 000$-70 000$
2166,63,Male,"NAP (married and living w legal spouse, Code 1 in MARITAL)","Europe,White/European",40 000$-50 000$
2167,43,Male,"NAP (married and living w legal spouse, Code 1 in MARITAL)","Europe,White/European",25 000$-30 000$
2172,26,Male,No,"Europe,White/European",10 000$-15 000$
2173,59,Male,Yes,"Europe,White/European",50 000$-70 000$
2174,79,Female,"NAP (married and living w legal spouse, Code 1 in MARITAL)","Europe,White/European",10 000$-15 000$
2175,58,Female,"NAP (married and living w legal spouse, Code 1 in MARITAL)","Europe,White/European",25 000$-30 000$
2177,66,Male,"NAP (married and living w legal spouse, Code 1 in MARITAL)","Europe,White/European",40 000$-50 000$
2178,54,Female,"NAP (married and living w legal spouse, Code 1 in MARITAL)","Europe,White/European",5 000$
2180,60,Male,"NAP (married and living w legal spouse, Code 1 in MARITAL)","Europe,White/European",30 000$-40 000$
2182,21,Male,Yes,"Europe,White/European",20 000$-25 000$
2183,44,Female,"NAP (married and living w legal spouse, Code 1 in MARITAL)","Europe,White/European",50 000$-70 000$
2185,85,Male,"NAP (married and living w legal spouse, Code 1 in MARITAL)","Europe,White/European",15 000$-20 000$
2186,52,Female,"NAP (married and living w legal spouse, Code 1 in MARITAL)","Europe,White/European",5 000$
2196,37,Female,"NAP (married and living w legal spouse, Code 1 in MARITAL)","Europe,White/European",25 000$-30 000$
2200,29,Male,Yes,"Europe,White/European",20 000$-25 000$
2202,53,Male,"NAP (married and living w legal spouse, Code 1 in MARITAL)","Europe,White/European",30 000$-40 000$
2204,70,Male,"NAP (married and living w legal spouse, Code 1 in MARITAL)","Europe,White/European",70 000$-100 000$
2205,59,Female,"NAP (married and living w legal spouse, Code 1 in MARITAL)","Europe,White/European",> 100 000$
2206,59,Male,"NAP (married and living w legal spouse, Code 1 in MARITAL)","Europe,White/European",20 000$-25 000$
2207,48,Female,"NAP (married and living w legal spouse, Code 1 in MARITAL)","Europe,White/European",NA
2209,21,Female,No,"Europe,White/European",40 000$-50 000$
2212,66,Male,"NAP (married and living w legal spouse, Code 1 in MARITAL)","Europe,White/European",20 000$-25 000$
2215,77,Male,No,"Europe,White/European",NA
2216,55,Female,Yes,"Europe,White/European",5 000$
2217,21,Female,Yes,"Europe,White/European",10 000$-15 000$
2221,58,Female,"NAP (married and living w legal spouse, Code 1 in MARITAL)","Europe,White/European",30 000$-40 000$
2222,60,Female,"NAP (married and living w legal spouse, Code 1 in MARITAL)","Europe,White/European",70 000$-100 000$
2225,23,Male,Yes,"Europe,White/European",20 000$-25 000$
2227,70,Female,"NAP (married and living w legal spouse, Code 1 in MARITAL)","Europe,White/European",> 100 000$
2228,67,Male,"NAP (married and living w legal spouse, Code 1 in MARITAL)","Europe,White/European",20 000$-25 000$
2229,50,Male,"NAP (married and living w legal spouse, Code 1 in MARITAL)","Europe,White/European",40 000$-50 000$
2233,44,Female,"NAP (married and living w legal spouse, Code 1 in MARITAL)","Europe,White/European",> 100 000$
2234,21,Male,Yes,"Europe,White/European",25 000$-30 000$
2235,46,Male,"NAP (married and living w legal spouse, Code 1 in MARITAL)","Europe,White/European",25 000$-30 000$
2239,29,Male,Yes,"Europe,White/European",25 000$-30 000$
2240,54,Female,"NAP (married and living w legal spouse, Code 1 in MARITAL)","Europe,White/European",40 000$-50 000$
2241,40,Female,"NAP (married and living w legal spouse, Code 1 in MARITAL)","Europe,White/European",30 000$-40 000$
2246,30,Female,Yes,"Europe,White/European",50 000$-70 000$
2250,71,Male,"NAP (married and living w legal spouse, Code 1 in MARITAL)","Europe,White/European",10 000$-15 000$
2251,59,Male,"NAP (married and living w legal spouse, Code 1 in MARITAL)","Europe,White/European",15 000$-20 000$
2252,27,Female,No,"Europe,White/European",10 000$-15 000$
